timestamp,gold_actual,bitcoin_actual
2025-08-25 19:28:21,3413.0,111995.0
2025-08-25 20:39:32,3410.10009765625,110042.0
2025-08-25 21:33:10,3410.699951171875,109582.0
2025-08-25 22:39:51,3408.699951171875,110437.0
2025-08-25 23:33:10,3401.699951171875,109916.0
2025-08-26 03:33:40,3420.0,109835.0
2025-08-26 04:45:03,3424.300048828125,110066.0
2025-08-26 05:40:58,3420.60009765625,110276.0
2025-08-26 06:57:11,3422.5,109957.0
2025-08-26 07:34:15,3415.800048828125,110034.0
2025-08-26 07:39:03,3417.10009765625,110413.0
2025-08-26 07:49:12,3420.0,110253.0
2025-08-26 07:51:56,3422.800048828125,110334.0
2025-08-26 08:05:44,3422.5,110284.0
2025-08-26 08:11:24,3423.699951171875,110298.0
2025-08-26 08:16:11,3424.89990234375,110280.0
2025-08-26 08:19:33,3424.0,110405.0
2025-08-26 08:26:46,3425.0,110122.0
2025-08-26 08:52:58,3424.39990234375,110381.0
2025-08-26 09:41:25,3419.699951171875,110287.0
2025-08-26 10:23:56,3417.89990234375,110403.0
2025-08-26 10:38:31,3418.199951171875,110363.0
2025-08-26 10:45:44,3414.0,110319.0
2025-08-26 10:49:22,3414.300048828125,110325.0
2025-08-26 11:31:38,3423.699951171875,109841.0
2025-08-26 12:16:16,3426.699951171875,109647.0
2025-08-26 12:27:08,3425.0,109684.0
2025-08-26 12:36:54,3426.0,110051.0
2025-08-26 12:45:24,3425.0,110606.0
2025-08-26 13:01:08,3424.199951171875,110134.0
2025-08-26 13:07:26,3421.0,110253.0
2025-08-26 13:45:21,3423.300048828125,109849.0
2025-08-26 14:00:17,3420.699951171875,109900.0
2025-08-26 14:05:52,3422.699951171875,110076.0
2025-08-26 14:31:19,3422.5,110212.0
2025-08-26 14:41:40,3423.0,110411.0
2025-08-26 14:44:08,3423.199951171875,110347.0
2025-08-26 14:51:24,3422.699951171875,110292.0
2025-08-26 15:38:27,3429.5,109880.0
2025-08-26 15:59:16,3432.5,109730.0
2025-08-26 16:09:42,3435.199951171875,109703.0
2025-08-26 16:18:35,3433.800048828125,109608.0
2025-08-26 16:48:39,3433.699951171875,109831.0
2025-08-26 16:55:20,3431.699951171875,109822.0
2025-08-26 17:36:08,3434.0,109778.0
2025-08-26 18:51:23,3432.300048828125,110773.0
2025-08-26 19:25:42,3436.60009765625,111088.0
2025-08-26 20:37:02,3439.300048828125,111306.0
2025-08-26 21:30:14,3443.199951171875,111303.0
2025-08-26 22:37:44,3439.60009765625,111681.0
2025-08-26 23:30:00,3441.60009765625,111998.0
2025-08-27 03:14:51,3434.0,111055.0
2025-08-27 04:42:51,3427.699951171875,111632.0
2025-08-27 05:38:07,3426.60009765625,111421.0
2025-08-27 06:51:56,3428.699951171875,111119.0
2025-08-27 07:31:08,3424.699951171875,110791.0
2025-08-27 08:47:31,3430.89990234375,110529.0
2025-08-27 08:48:44,3431.199951171875,110526.0
2025-08-27 09:38:04,3432.0,111037.0
2025-08-27 10:41:03,3424.39990234375,110970.0
2025-08-27 11:28:13,3425.300048828125,111204.0
2025-08-27 11:30:11,3425.0,111170.0
2025-08-27 13:36:43,3432.0,111182.0
2025-08-27 14:41:03,3432.199951171875,112405.0
2025-08-27 15:38:16,3436.300048828125,111704.0
2025-08-27 16:48:44,3445.60009765625,111842.0
2025-08-27 17:34:13,3449.0,112351.0
2025-08-27 18:48:48,3448.199951171875,112298.0
2025-08-27 19:26:49,3449.0,111912.0
2025-08-27 20:38:24,3449.300048828125,112173.0
2025-08-27 21:30:44,3451.800048828125,111809.0
2025-08-27 22:36:39,3449.5,111385.0
2025-08-27 23:29:23,3451.199951171875,111316.0
2025-08-28 03:15:25,3447.39990234375,111794.0
2025-08-28 04:42:26,3445.10009765625,112688.0
2025-08-28 05:38:39,3445.199951171875,112924.0
2025-08-28 06:53:59,3451.199951171875,113014.0
2025-08-28 07:32:30,3450.89990234375,113156.0
2025-08-28 08:48:27,3455.699951171875,113168.0
2025-08-28 09:37:07,3456.199951171875,112927.0
2025-08-28 10:42:30,3455.300048828125,113029.0
2025-08-28 11:28:06,3454.699951171875,112965.0
2025-08-28 13:38:20,3461.60009765625,113026.0
2025-08-28 14:43:06,3467.5,112956.0
2025-08-28 15:38:13,3462.699951171875,112720.0
2025-08-28 16:48:16,3475.199951171875,112876.0
2025-08-28 17:34:56,3474.39990234375,112449.0
2025-08-28 18:51:56,3476.699951171875,112370.0
2025-08-28 19:25:45,3477.699951171875,112231.0
2025-08-28 20:35:57,3477.300048828125,111975.0
2025-08-28 21:30:28,3476.89990234375,111955.0
2025-08-28 22:35:40,3475.800048828125,112429.0
2025-08-28 23:30:17,3475.39990234375,112391.0
2025-08-29 03:14:29,3472.199951171875,111548.0
2025-08-29 04:42:21,3468.89990234375,111574.0
2025-08-29 05:37:25,3468.699951171875,111210.0
2025-08-29 06:52:20,3467.89990234375,111179.0
2025-08-29 07:32:22,3467.0,110184.0
2025-08-29 08:46:20,3471.60009765625,109828.0
2025-08-29 08:47:43,3472.300048828125,109859.0
2025-08-29 09:36:36,3470.199951171875,109720.0
2025-08-29 10:41:03,3464.699951171875,109953.0
2025-08-29 11:27:44,3464.5,110053.0
2025-08-29 13:34:18,3477.699951171875,110273.0
2025-08-29 14:39:44,3500.199951171875,108580.0
2025-08-29 15:32:30,3508.699951171875,108371.0
2025-08-29 16:47:06,3514.199951171875,108763.0
2025-08-29 17:32:34,3517.0,108434.0
2025-08-29 18:47:13,3511.39990234375,108151.0
2025-08-29 19:24:33,3511.0,108696.0
2025-08-29 20:34:02,3516.89990234375,107851.0
2025-08-29 21:29:26,3516.10009765625,107759.0
2025-08-29 22:34:59,3516.10009765625,108382.0
2025-08-29 23:29:42,3516.10009765625,108433.0
2025-08-30 03:08:56,3516.10009765625,107902.0
2025-08-30 04:39:32,3516.10009765625,108512.0
2025-08-30 05:33:43,3516.10009765625,108168.0
2025-08-30 06:50:12,3516.10009765625,108282.0
2025-08-30 07:27:45,3516.10009765625,108229.0
2025-08-30 08:39:47,3516.10009765625,108620.0
2025-08-30 09:30:15,3516.10009765625,108578.0
2025-08-30 10:35:57,3516.10009765625,108614.0
2025-08-30 11:24:33,3516.10009765625,108513.0
2025-08-30 13:05:51,3516.10009765625,108582.0
2025-08-30 14:32:17,3516.10009765625,108561.0
2025-08-30 15:30:21,3516.10009765625,108797.0
2025-08-30 16:41:08,3516.10009765625,108743.0
2025-08-30 17:30:41,3516.10009765625,108846.0
2025-08-30 18:44:48,3516.10009765625,108690.0
2025-08-30 19:23:14,3516.10009765625,108766.0
2025-08-30 20:32:47,3516.10009765625,108765.0
2025-08-30 21:27:52,3516.10009765625,108617.0
2025-08-30 22:34:05,3516.10009765625,108538.0
2025-08-30 23:29:03,3516.10009765625,108678.0
2025-08-31 03:19:00,3516.10009765625,109256.0
2025-08-31 22:35:22,3512.60009765625,109071.0
2025-08-31 23:30:06,3512.10009765625,108426.0
2025-09-01 04:50:28,3543.60009765625,107305.0
2025-09-01 05:40:35,3543.60009765625,107843.0
2025-09-01 07:33:59,3543.60009765625,108582.0
2025-09-01 10:45:18,3543.60009765625,108284.0
2025-09-01 13:37:38,3543.60009765625,109306.0
2025-09-01 14:40:18,3543.60009765625,109000.0
2025-09-01 15:34:15,3543.60009765625,108697.0
2025-09-01 16:44:42,3543.60009765625,108854.0
2025-09-01 21:29:07,3543.60009765625,108171.0
2025-09-01 23:30:11,3543.60009765625,108675.0
2025-09-02 04:44:20,3564.5,110246.0
2025-09-02 05:40:35,3562.5,110151.0
2025-09-02 06:55:02,3556.199951171875,110352.0
2025-09-02 07:33:17,3551.800048828125,110225.0
2025-09-02 08:49:39,3548.10009765625,110535.0
2025-09-02 09:37:58,3550.0,110323.0
2025-09-02 10:42:44,3549.699951171875,110231.0
2025-09-02 11:28:28,3550.300048828125,109968.0
2025-09-02 13:39:21,3547.0,110029.0
2025-09-02 14:44:54,3561.60009765625,111419.0
2025-09-02 15:39:53,3577.5,110956.0
2025-09-02 16:49:18,3591.5,110600.0
2025-09-02 17:32:17,3590.60009765625,110873.0
2025-09-02 18:47:54,3594.800048828125,110305.0
2025-09-02 19:24:24,3598.60009765625,110619.0
2025-09-02 20:31:01,3599.39990234375,111236.0
2025-09-02 21:28:19,3599.5,111271.0
2025-09-02 22:32:49,3599.699951171875,111029.0
2025-09-02 23:27:22,3596.800048828125,111073.0
2025-09-03 03:04:42,3598.699951171875,111328.0
2025-09-03 04:41:00,3601.10009765625,111010.0
2025-09-03 05:34:20,3599.199951171875,110819.0
2025-09-03 06:49:25,3599.300048828125,110787.0
2025-09-03 07:30:44,3595.39990234375,110705.0
2025-09-03 08:44:35,3604.699951171875,111042.0
2025-09-03 08:46:10,3604.39990234375,111060.0
2025-09-03 09:34:11,3607.39990234375,111121.0
2025-09-03 10:39:14,3604.60009765625,111431.0
2025-09-03 11:26:45,3613.10009765625,111526.0
2025-09-03 13:34:24,3621.699951171875,111412.0
2025-09-03 14:40:15,3629.300048828125,111769.0
2025-09-03 15:36:39,3628.0,112141.0
2025-09-03 16:46:45,3632.39990234375,111841.0
2025-09-03 17:33:37,3635.10009765625,112431.0
2025-09-03 18:44:37,3629.0,111929.0
2025-09-03 19:25:52,3627.300048828125,111945.0
2025-09-03 20:35:07,3624.39990234375,112169.0
2025-09-03 21:28:56,3619.699951171875,112109.0
2025-09-03 22:33:51,3613.89990234375,111967.0
2025-09-03 23:28:34,3614.199951171875,111850.0
2025-09-04 03:05:42,3584.800048828125,111462.0
2025-09-04 04:40:16,3588.199951171875,111177.0
2025-09-04 05:34:16,3588.10009765625,110772.0
2025-09-04 06:50:53,3596.39990234375,110388.0
2025-09-04 07:30:04,3595.39990234375,110434.0
2025-09-04 07:50:57,3597.39990234375,110432.0
2025-09-04 08:45:08,3600.10009765625,110746.0
2025-09-04 08:47:28,3600.60009765625,110749.0
2025-09-04 09:33:45,3600.5,110814.0
2025-09-04 10:39:29,3599.89990234375,110984.0
2025-09-04 11:27:46,3598.300048828125,110918.0
2025-09-04 13:18:30,3599.0,110882.0
2025-09-04 13:42:39,3613.10009765625,110643.0
2025-09-04 13:45:59,3613.199951171875,110532.0
2025-09-04 13:55:51,3604.60009765625,110434.0
2025-09-04 14:03:15,3600.800048828125,110499.0
2025-09-04 14:40:34,3601.0,110146.0
2025-09-04 15:36:36,3604.0,109452.0
2025-09-04 15:43:14,3606.10009765625,109478.0
2025-09-04 16:09:49,3612.300048828125,109604.0
2025-09-04 16:47:03,3613.699951171875,109467.0
2025-09-04 17:32:25,3608.89990234375,109840.0
2025-09-04 18:48:42,3603.300048828125,110097.0
2025-09-04 19:24:10,3604.199951171875,110009.0
2025-09-04 20:33:59,3605.5,110334.0
2025-09-04 21:29:27,3602.39990234375,110418.0
2025-09-04 22:34:42,3598.800048828125,110932.0
2025-09-04 23:28:59,3599.800048828125,111252.0
2025-09-05 03:09:59,3610.300048828125,111274.0
2025-09-05 04:40:53,3617.39990234375,111335.0
2025-09-05 05:34:55,3615.199951171875,111609.0
2025-09-05 06:51:38,3612.199951171875,111701.0
2025-09-05 07:30:32,3608.89990234375,112798.0
2025-09-05 08:12:56,3607.0,112884.0
2025-09-05 08:18:38,3606.39990234375,112828.0
2025-09-05 08:32:36,3603.89990234375,112748.0
2025-09-05 08:41:28,3606.699951171875,112747.0
2025-09-05 08:44:52,3606.39990234375,112738.0
2025-09-05 08:46:08,3606.300048828125,112739.0
2025-09-05 09:34:08,3606.199951171875,112192.0
2025-09-05 10:40:26,3608.10009765625,112390.0
2025-09-05 10:43:51,3608.300048828125,112346.0
2025-09-05 11:17:12,3609.0,112201.0
2025-09-05 11:26:41,3608.800048828125,112238.0
2025-09-05 11:35:35,3606.800048828125,112356.0
2025-09-05 11:53:44,3608.39990234375,112299.0
2025-09-05 12:10:58,3608.39990234375,112428.0
2025-09-05 12:24:45,3607.39990234375,112469.0
2025-09-05 12:40:53,3630.89990234375,112612.0
2025-09-05 13:01:46,3633.199951171875,113223.0
2025-09-05 13:19:05,3631.89990234375,112985.0
2025-09-05 13:22:48,3638.10009765625,113053.0
2025-09-05 14:38:40,3637.60009765625,110789.0
2025-09-05 14:47:36,3637.89990234375,110900.0
2025-09-05 14:52:15,3637.39990234375,110752.0
2025-09-05 14:59:44,3637.199951171875,110709.0
2025-09-05 15:15:08,3647.5,110613.0
2025-09-05 15:33:52,3644.699951171875,110770.0
2025-09-05 15:36:59,3643.800048828125,110709.0
2025-09-05 15:48:42,3647.199951171875,110855.0
2025-09-05 16:42:19,3655.0,110812.0
2025-09-05 17:32:36,3651.89990234375,110647.0
2025-09-05 18:46:42,3647.5,111247.0
2025-09-05 18:59:45,3649.699951171875,111145.0
2025-09-05 19:25:45,3648.199951171875,111347.0
2025-09-05 20:36:01,3642.10009765625,111373.0
2025-09-05 21:28:48,3639.800048828125,110839.0
2025-09-05 22:34:17,3639.800048828125,110788.0
2025-09-05 23:29:01,3639.800048828125,110748.0
2025-09-06 03:05:18,3639.800048828125,111187.0
2025-09-06 04:38:56,3639.800048828125,110797.0
2025-09-06 05:32:49,3639.800048828125,110747.0
2025-09-06 06:44:46,3653.300048828125,110802.0
2025-09-06 07:26:34,3639.800048828125,110807.0
2025-09-06 08:37:04,3639.800048828125,110849.0
2025-09-06 09:28:54,3653.300048828125,110729.0
2025-09-06 10:33:47,3639.800048828125,110718.0
2025-09-06 11:23:19,3639.800048828125,110700.0
2025-09-06 13:02:57,3639.800048828125,110833.0
2025-09-06 14:31:13,3639.800048828125,110902.0
2025-09-06 15:28:23,3639.800048828125,110767.0
2025-09-06 16:38:57,3639.800048828125,110274.0
2025-09-06 17:28:28,3639.800048828125,110197.0
2025-09-06 18:42:19,3639.800048828125,110162.0
2025-09-06 19:21:39,3639.800048828125,110149.0
2025-09-06 20:31:10,3639.800048828125,110084.0
2025-09-06 21:26:33,3653.300048828125,110181.0
2025-09-06 22:31:56,3639.800048828125,110192.0
2025-09-06 23:27:31,3653.300048828125,110260.0
2025-09-07 03:14:19,3653.300048828125,110624.0
2025-09-07 04:38:42,,110541.0
2025-09-07 05:32:52,,110707.0
2025-09-07 06:45:31,,110537.0
2025-09-07 07:27:47,,110531.0
2025-09-07 08:35:52,,111279.0
2025-09-07 08:37:10,,111279.0
2025-09-07 09:29:26,,111194.0
2025-09-07 10:35:04,,111112.0
2025-09-07 11:23:36,,111247.0
2025-09-07 13:04:03,,111125.0
2025-09-07 14:30:54,,111138.0
2025-09-07 15:29:21,,111301.0
2025-09-07 16:38:58,,111177.0
2025-09-07 17:28:41,,111019.0
2025-09-07 18:42:27,,110901.0
2025-09-07 19:22:38,,111104.0
2025-09-07 20:32:20,,111208.0
2025-09-07 21:27:06,,111190.0
2025-09-07 22:33:00,3634.0,111316.0
2025-09-07 23:27:45,3629.60009765625,111495.0
2025-09-08 03:17:53,3631.699951171875,111210.0
2025-09-08 04:42:56,3624.60009765625,111016.0
2025-09-08 05:38:10,3623.89990234375,110934.0
2025-09-08 06:50:04,3634.800048828125,111128.0
2025-09-08 06:51:46,3634.199951171875,111142.0
2025-09-08 06:53:41,3636.5,111126.0
2025-09-08 06:56:23,3636.60009765625,111102.0
2025-09-08 07:32:29,3649.800048828125,111506.0
2025-09-08 08:51:16,3654.0,111777.0
2025-09-08 09:35:20,3652.699951171875,111807.0
2025-09-08 09:40:29,3650.60009765625,111787.0
2025-09-08 10:42:53,3657.39990234375,112088.0
2025-09-08 11:28:01,3656.10009765625,111887.0
2025-09-08 13:39:58,3663.5,112251.0
2025-09-08 14:11:34,3673.5,112148.0
2025-09-08 14:44:13,3669.300048828125,112681.0
2025-09-08 15:37:59,3677.0,112752.0
2025-09-08 16:07:45,3680.10009765625,112565.0
2025-09-08 16:17:58,3679.0,112410.0
2025-09-08 16:48:03,3679.0,112444.0
2025-09-08 17:33:54,3676.60009765625,112469.0
2025-09-08 18:49:13,3675.60009765625,112366.0
2025-09-08 19:26:31,3676.699951171875,112174.0
2025-09-08 20:36:38,3675.199951171875,111962.0
2025-09-08 21:30:29,3677.60009765625,112094.0
2025-09-08 22:34:58,3675.60009765625,112331.0
2025-09-08 23:30:24,3671.300048828125,112173.0
2025-09-09 03:13:41,3690.39990234375,111409.0
2025-09-09 04:41:44,3691.699951171875,111945.0
2025-09-09 05:35:50,3694.60009765625,112005.0
2025-09-09 06:52:52,3688.0,112965.0
2025-09-09 07:32:25,3687.0,113240.0
2025-09-09 08:50:06,3686.10009765625,112945.0
2025-09-09 09:38:34,3693.39990234375,112962.0
2025-09-09 10:42:56,3691.5,112828.0
2025-09-09 11:28:57,3692.199951171875,112661.0
2025-09-09 11:43:52,3690.89990234375,112633.0
2025-09-09 12:18:55,3693.60009765625,112755.0
2025-09-09 13:13:19,3688.5,112568.0
2025-09-09 13:23:13,3694.10009765625,112632.0
2025-09-09 13:43:07,3701.5,112834.0
2025-09-09 13:59:52,3706.60009765625,112806.0
2025-09-09 14:33:16,3687.199951171875,112167.0
2025-09-09 14:41:03,3689.0,111711.0
2025-09-09 14:50:33,3684.199951171875,111729.0
2025-09-09 15:39:19,3679.0,111027.0
2025-09-09 15:45:08,3678.39990234375,110874.0
2025-09-09 16:00:31,3683.199951171875,110969.0
2025-09-09 16:08:57,3683.10009765625,110971.0
2025-09-09 16:20:02,3687.0,111098.0
2025-09-09 16:48:58,3686.5,110956.0
2025-09-09 17:32:39,3684.5,110924.0
2025-09-09 18:45:30,3682.699951171875,111119.0
2025-09-09 19:25:29,3674.0,111260.0
2025-09-09 20:34:36,3669.5,111189.0
2025-09-09 21:29:10,3663.800048828125,111385.0
2025-09-09 22:33:34,3662.199951171875,111422.0
2025-09-09 23:27:32,3674.89990234375,111451.0
2025-09-10 03:04:40,3674.800048828125,111402.0
2025-09-10 04:38:39,3679.300048828125,111554.0
2025-09-10 05:34:49,3681.199951171875,111594.0
2025-09-10 06:51:06,3680.60009765625,111936.0
2025-09-10 07:30:45,3685.5,112049.0
2025-09-10 07:34:25,3684.10009765625,112210.0
2025-09-10 08:19:26,3683.60009765625,112761.0
2025-09-10 08:48:50,3683.300048828125,112541.0
2025-09-10 09:29:58,3684.0,112377.0
2025-09-10 09:34:15,3684.60009765625,112332.0
2025-09-10 10:39:55,3693.300048828125,112388.0
2025-09-10 11:26:36,3694.5,112312.0
2025-09-10 13:19:59,3686.60009765625,113664.0
2025-09-10 14:38:38,3693.0,114055.0
2025-09-10 14:56:51,3687.300048828125,113892.0
2025-09-10 15:34:59,3679.39990234375,113804.0
2025-09-10 15:36:29,3679.89990234375,113825.0
2025-09-10 16:46:15,3681.0,113744.0
2025-09-10 17:32:15,3682.300048828125,113498.0
2025-09-10 17:38:27,3681.699951171875,113587.0
2025-09-10 17:41:53,3684.10009765625,113534.0
2025-09-10 17:46:40,3685.0,113639.0
2025-09-10 18:49:35,3685.800048828125,113483.0
2025-09-10 19:25:06,3683.39990234375,113273.0
2025-09-10 20:35:01,3680.800048828125,113776.0
2025-09-10 21:29:05,3680.39990234375,113743.0
2025-09-10 22:33:59,3680.199951171875,113887.0
2025-09-10 23:28:29,3680.5,113926.0
2025-09-11 03:11:15,3673.300048828125,113854.0
2025-09-11 04:41:21,3671.5,114173.0
2025-09-11 05:35:22,3666.800048828125,114234.0
2025-09-11 06:51:47,3672.0,114419.0
2025-09-11 07:01:13,3672.60009765625,114382.0
2025-09-11 07:07:23,3670.300048828125,114118.0
2025-09-11 07:30:40,3663.0,114064.0
2025-09-11 07:34:54,3664.89990234375,114087.0
2025-09-11 07:55:07,3665.60009765625,114056.0
2025-09-11 07:59:54,3666.0,114091.0
2025-09-11 08:13:22,3668.199951171875,114147.0
2025-09-11 08:45:32,3665.0,114136.0
2025-09-11 09:12:24,3663.0,113991.0
2025-09-11 09:23:35,3658.0,113959.0
2025-09-11 09:31:05,3655.5,114009.0
2025-09-11 09:37:58,3655.5,113955.0
2025-09-11 09:44:08,3658.60009765625,113897.0
2025-09-11 10:39:18,3659.10009765625,114073.0
2025-09-11 11:26:18,3657.89990234375,113994.0
2025-09-11 12:32:47,3661.699951171875,114143.0
2025-09-11 13:22:59,3673.800048828125,113641.0
2025-09-11 13:31:33,3659.300048828125,113753.0
2025-09-11 14:37:59,3675.300048828125,114495.0
2025-09-11 15:31:36,3676.0,114427.0
2025-09-11 16:40:29,3675.800048828125,114483.0
2025-09-11 17:30:32,3673.39990234375,114548.0
2025-09-11 18:44:54,3670.300048828125,114257.0
2025-09-11 19:23:51,3672.800048828125,114261.0
2025-09-11 20:31:10,3674.39990234375,114309.0
2025-09-11 21:26:45,3673.39990234375,114454.0
2025-09-11 22:33:29,3675.699951171875,115000.0
2025-09-11 23:29:05,3671.89990234375,115352.0
2025-09-12 03:04:19,3689.5,115417.0
2025-09-12 04:38:00,3693.199951171875,115424.0
2025-09-12 05:34:19,3695.10009765625,115552.0
2025-09-12 06:48:59,3690.800048828125,115324.0
2025-09-12 07:30:12,3690.60009765625,115232.0
2025-09-12 08:43:03,3683.199951171875,115110.0
2025-09-12 09:33:09,3683.39990234375,115008.0
2025-09-12 10:39:04,3689.89990234375,115025.0
2025-09-12 11:26:21,3686.699951171875,115046.0
2025-09-12 13:16:36,3685.800048828125,115007.0
2025-09-12 14:37:37,3692.10009765625,115222.0
2025-09-12 15:31:59,3680.60009765625,115037.0
2025-09-12 16:40:00,3685.199951171875,115450.0
2025-09-12 17:32:05,3688.5,115927.0
2025-09-12 18:41:29,3685.800048828125,116515.0
2025-09-12 19:23:44,3686.10009765625,116469.0
2025-09-12 20:32:46,3680.300048828125,116140.0
2025-09-12 21:27:33,3680.699951171875,116071.0
2025-09-12 22:32:45,3680.699951171875,116204.0
2025-09-12 23:26:45,3680.699951171875,116106.0
2025-09-13 02:41:53,3680.699951171875,115963.0
2025-09-13 03:35:42,3680.699951171875,115917.0
2025-09-13 04:36:04,3686.39990234375,115856.0
2025-09-13 05:32:16,3686.39990234375,115844.0
2025-09-13 06:43:28,3686.39990234375,115769.0
2025-09-13 07:25:27,3686.39990234375,115898.0
2025-09-13 08:36:58,3680.699951171875,115959.0
2025-09-13 09:28:17,3680.699951171875,115950.0
2025-09-13 10:34:43,3680.699951171875,116110.0
2025-09-13 11:22:26,3680.699951171875,115952.0
2025-09-13 13:04:08,3686.39990234375,116053.0
2025-09-13 14:32:14,3686.39990234375,115969.0
2025-09-13 15:28:03,3680.699951171875,115918.0
2025-09-13 16:35:20,3680.699951171875,115605.0
2025-09-13 17:26:34,3686.39990234375,115471.0
2025-09-13 18:39:50,3686.39990234375,115584.0
2025-09-13 19:20:05,3680.699951171875,115664.0
2025-09-13 20:30:33,3686.39990234375,115978.0
2025-09-13 21:26:15,3680.699951171875,116009.0
2025-09-13 22:30:45,3686.39990234375,115898.0
2025-09-13 23:26:06,3680.699951171875,116012.0
2025-09-14 03:13:16,3680.699951171875,115778.0
2025-09-14 04:37:19,,115790.0
2025-09-14 05:32:03,,115844.0
2025-09-14 06:44:57,,115818.0
2025-09-14 07:26:37,,115798.0
2025-09-14 08:37:28,,115973.0
2025-09-14 09:29:26,,116076.0
2025-09-14 10:31:28,,116025.0
2025-09-14 11:21:52,,116019.0
2025-09-14 13:01:04,,115818.0
2025-09-14 13:31:12,,115556.0
2025-09-14 14:30:08,,115513.0
2025-09-14 15:28:12,,115337.0
2025-09-14 16:34:41,,115524.0
2025-09-14 17:27:05,,115612.0
2025-09-14 18:40:49,,115535.0
2025-09-14 19:22:07,,115508.0
2025-09-14 20:30:49,,115742.0
2025-09-14 21:26:06,,115943.0
2025-09-14 22:31:16,3680.699951171875,115921.0
2025-09-14 23:27:03,3677.0,115467.0
2025-09-15 03:19:27,3678.699951171875,115547.0
2025-09-15 04:42:19,3682.199951171875,116012.0
2025-09-15 05:36:55,3682.39990234375,116374.0
2025-09-15 06:54:42,3677.10009765625,116156.0
2025-09-15 07:32:58,3672.300048828125,116078.0
2025-09-15 08:46:33,3678.300048828125,115354.0
2025-09-15 09:37:48,3676.5,115065.0
2025-09-15 10:41:12,3682.5,114880.0
2025-09-15 11:26:35,3679.699951171875,114958.0
2025-09-15 13:21:03,3684.699951171875,114862.0
2025-09-15 14:35:24,3695.699951171875,114956.0
2025-09-15 15:35:22,3704.60009765625,114579.0
2025-09-15 16:45:37,3722.800048828125,114914.0
2025-09-15 17:32:40,3718.800048828125,114766.0
2025-09-15 18:48:55,3716.300048828125,115016.0
2025-09-15 19:24:34,3718.800048828125,115205.0
2025-09-15 20:33:37,3721.300048828125,115331.0
2025-09-15 21:28:32,3719.5,115471.0
2025-09-15 22:33:40,3716.300048828125,115431.0
2025-09-15 23:27:18,3718.89990234375,115448.0
2025-09-16 03:05:45,3716.89990234375,115152.0
2025-09-16 04:40:25,3718.800048828125,115263.0
2025-09-16 05:34:36,3720.89990234375,115764.0
2025-09-16 06:51:11,3724.89990234375,115816.0
2025-09-16 07:31:59,3730.89990234375,115859.0
2025-09-16 08:48:05,3731.300048828125,115633.0
2025-09-16 09:36:13,3734.300048828125,115585.0
2025-09-16 10:40:23,3735.39990234375,115478.0
2025-09-16 11:26:51,3730.199951171875,115333.0
2025-09-16 13:21:46,3723.10009765625,115392.0
2025-09-16 14:40:58,3729.89990234375,115008.0
2025-09-16 15:35:34,3720.300048828125,115174.0
2025-09-16 16:43:54,3726.60009765625,115835.0
2025-09-16 17:32:17,3725.5,116807.0
2025-09-16 18:48:39,3725.199951171875,116389.0
2025-09-16 19:23:53,3726.39990234375,116590.0
2025-09-16 20:34:30,3730.5,116808.0
2025-09-16 21:28:29,3727.5,116628.0
2025-09-16 22:29:54,3728.89990234375,116908.0
2025-09-16 23:27:03,3732.199951171875,116770.0
2025-09-17 03:04:04,3720.5,116691.0
2025-09-17 04:40:15,3717.39990234375,116313.0
2025-09-17 05:34:46,3716.300048828125,116633.0
2025-09-17 06:51:19,3710.699951171875,117093.0
2025-09-17 07:30:23,3706.0,117236.0
2025-09-17 08:45:23,3702.39990234375,116764.0
2025-09-17 09:34:48,3705.60009765625,116754.0
2025-09-17 10:39:13,3702.199951171875,116429.0
2025-09-17 11:26:36,3698.60009765625,116340.0
2025-09-17 13:20:45,3712.10009765625,116199.0
2025-09-17 14:39:28,3717.699951171875,115570.0
2025-09-17 15:35:00,3720.699951171875,115760.0
2025-09-17 16:43:53,3723.5,115503.0
2025-09-17 17:32:10,3714.800048828125,115691.0
2025-09-17 18:48:48,3703.5,114909.0
2025-09-17 19:24:02,3683.699951171875,115594.0
2025-09-17 20:34:18,3692.39990234375,115835.0
2025-09-17 21:25:32,3694.60009765625,115804.0
2025-09-17 22:30:18,3695.89990234375,116201.0
2025-09-17 23:27:55,3702.0,116734.0
2025-09-18 03:07:10,3699.60009765625,117176.0
2025-09-18 04:40:32,3692.699951171875,117290.0
2025-09-18 05:34:18,3691.60009765625,117330.0
2025-09-18 06:50:17,3670.39990234375,117110.0
2025-09-18 07:29:41,3680.300048828125,117096.0
2025-09-18 08:44:56,3690.89990234375,117274.0
2025-09-18 09:34:02,3706.10009765625,117272.0
2025-09-18 10:39:23,3703.60009765625,117183.0
2025-09-18 11:26:37,3701.300048828125,117319.0
2025-09-18 13:20:21,3691.0,117430.0
2025-09-18 14:40:39,3669.699951171875,117681.0
2025-09-18 15:34:34,3673.0,117443.0
2025-09-18 16:43:24,3677.0,117762.0
2025-09-18 17:33:01,3678.199951171875,117632.0
2025-09-18 18:50:01,3675.199951171875,117880.0
2025-09-18 19:23:55,3675.699951171875,117670.0
2025-09-18 20:35:04,3679.60009765625,117561.0
2025-09-18 21:29:59,3678.199951171875,117458.0
2025-09-18 22:32:30,3675.89990234375,117302.0
2025-09-18 23:28:16,3673.199951171875,116779.0
2025-09-19 03:11:01,3681.0,117234.0
2025-09-19 04:41:03,3692.10009765625,117098.0
2025-09-19 05:34:04,3690.699951171875,116876.0
2025-09-19 06:50:42,3679.89990234375,116786.0
2025-09-19 07:29:46,3684.300048828125,116860.0
2025-09-19 08:44:14,3687.5,116971.0
2025-09-19 09:34:10,3690.60009765625,116861.0
2025-09-19 10:40:09,3689.699951171875,116520.0
2025-09-19 11:27:14,3685.5,116420.0
2025-09-19 13:19:18,3679.10009765625,116151.0
2025-09-19 14:39:42,3696.60009765625,116285.0
2025-09-19 15:33:26,3708.0,115782.0
2025-09-19 16:42:59,3701.89990234375,115931.0
2025-09-19 17:31:16,3706.0,115789.0
2025-09-19 18:46:45,3715.800048828125,115619.0
2025-09-19 19:24:38,3717.800048828125,115326.0
2025-09-19 20:33:50,3716.39990234375,115378.0
2025-09-19 21:27:05,3719.39990234375,115461.0
2025-09-19 22:33:04,3719.39990234375,115629.0
2025-09-19 23:27:48,3719.39990234375,115518.0
2025-09-20 03:03:36,3719.39990234375,115642.0
2025-09-20 04:39:00,3705.800048828125,115511.0
2025-09-20 05:34:05,3705.800048828125,115644.0
2025-09-20 06:45:12,3705.800048828125,115720.0
2025-09-20 07:26:56,3705.800048828125,115779.0
2025-09-20 08:40:26,3705.800048828125,115877.0
2025-09-20 09:29:25,3719.39990234375,115810.0
2025-09-20 10:34:47,3705.800048828125,115764.0
2025-09-20 11:24:02,3705.800048828125,115869.0
2025-09-20 13:04:59,3705.800048828125,115891.0
2025-09-20 14:31:20,3719.39990234375,115939.0
2025-09-20 15:28:49,3705.800048828125,116154.0
2025-09-20 16:35:49,3705.800048828125,116022.0
2025-09-20 17:26:23,3719.39990234375,115924.0
2025-09-20 18:39:53,3705.800048828125,115774.0
2025-09-20 19:10:25,3719.39990234375,115743.0
2025-09-20 20:14:22,3719.39990234375,115760.0
2025-09-20 21:11:56,3705.800048828125,115794.0
2025-09-20 22:13:05,3705.800048828125,115816.0
2025-09-20 23:13:26,3705.800048828125,115786.0
2025-09-21 01:11:18,3705.800048828125,115618.0
2025-09-21 03:05:12,3705.800048828125,115734.0
2025-09-21 04:17:44,,115632.0
2025-09-21 05:14:16,,115574.0
2025-09-21 06:20:52,,115832.0
2025-09-21 07:13:20,,115696.0
2025-09-21 08:16:50,,115712.0
2025-09-21 09:13:30,,115671.0
2025-09-21 10:14:03,,115708.0
2025-09-21 11:11:21,,115669.0
2025-09-21 12:26:25,,115776.0
2025-09-21 13:19:30,,115747.0
2025-09-21 14:12:19,,115699.0
2025-09-21 15:13:27,,115603.0
2025-09-21 16:16:23,,115524.0
2025-09-21 17:12:15,,115344.0
2025-09-21 18:19:02,,115669.0
2025-09-21 19:11:18,,115403.0
2025-09-21 20:15:43,,115447.0
2025-09-21 21:12:44,,115323.0
2025-09-21 22:13:45,,115307.0
2025-09-21 23:13:30,3723.699951171875,115306.0
2025-09-22 01:10:22,3728.0,114493.0
2025-09-22 03:04:59,3722.89990234375,114278.0
2025-09-22 04:18:43,3705.800048828125,114511.0
2025-09-22 05:30:46,3731.699951171875,114552.0
2025-09-22 06:23:43,3735.300048828125,112881.0
2025-09-22 07:15:57,3748.89990234375,112771.0
2025-09-22 08:21:18,3752.5,112764.0
2025-09-22 09:18:30,3755.39990234375,112548.0
2025-09-22 10:17:14,3755.89990234375,112573.0
2025-09-22 11:13:34,3761.699951171875,112942.0
2025-09-22 12:30:00,3751.89990234375,112689.0
2025-09-22 13:26:03,3755.0,112966.0
2025-09-22 14:16:06,3753.699951171875,113284.0
2025-09-22 15:16:59,3759.300048828125,112949.0
2025-09-22 16:18:48,3770.89990234375,112787.0
2025-09-22 17:13:49,3772.5,112368.0
2025-09-22 18:21:03,3781.5,112685.0
2025-09-22 19:12:49,3782.800048828125,112592.0
2025-09-22 20:16:26,3780.5,112173.0
2025-09-22 21:13:24,3781.199951171875,112703.0
2025-09-22 22:14:20,3781.0,112803.0
2025-09-22 23:14:07,3774.60009765625,112761.0
2025-09-23 01:04:02,3780.800048828125,112476.0
2025-09-23 02:55:14,3778.199951171875,112053.0
2025-09-23 03:28:37,3776.0,112424.0
2025-09-23 04:18:13,3779.300048828125,112196.0
2025-09-23 05:15:16,3779.699951171875,112664.0
2025-09-23 06:22:46,3788.39990234375,112884.0
2025-09-23 07:15:08,3785.199951171875,113016.0
2025-09-23 08:19:57,3788.0,113167.0
2025-09-23 09:16:59,3812.0,113318.0
2025-09-23 10:16:01,3817.5,112992.0
2025-09-23 11:12:46,3816.60009765625,112777.0
2025-09-23 12:29:30,3817.0,112947.0
2025-09-23 13:25:37,3820.39990234375,112949.0
2025-09-23 14:16:03,3808.0,113165.0
2025-09-23 15:15:25,3807.0,113000.0
2025-09-23 16:18:53,3809.699951171875,112657.0
2025-09-23 17:12:03,3813.300048828125,112671.0
2025-09-23 18:22:08,3810.5,111988.0
2025-09-23 19:12:45,3796.300048828125,111904.0
2025-09-23 20:16:29,3799.300048828125,111876.0
2025-09-23 21:13:23,3796.89990234375,111962.0
2025-09-23 22:13:59,3797.199951171875,112209.0
2025-09-23 23:13:21,3798.89990234375,112203.0
2025-09-24 01:05:20,3795.89990234375,112197.0
2025-09-24 02:56:36,3787.800048828125,112090.0
2025-09-24 03:29:52,3793.89990234375,111927.0
2025-09-24 04:18:06,3799.39990234375,111635.0
2025-09-24 05:15:18,3801.199951171875,112250.0
2025-09-24 06:22:24,3805.39990234375,112661.0
2025-09-24 07:15:31,3807.10009765625,112672.0
2025-09-24 08:20:41,3807.0,112491.0
2025-09-24 09:16:15,3802.89990234375,112536.0
2025-09-24 10:16:06,3799.5,112850.0
2025-09-24 11:13:02,3795.699951171875,113082.0
2025-09-24 12:30:36,3804.0,113039.0
2025-09-24 13:25:48,3804.39990234375,113120.0
2025-09-24 14:13:32,3797.39990234375,113152.0
2025-09-24 15:15:33,3787.10009765625,113580.0
2025-09-24 16:19:15,3774.699951171875,113403.0
2025-09-24 17:14:00,3767.89990234375,113869.0
2025-09-24 18:20:36,3762.60009765625,113603.0
2025-09-24 19:12:54,3754.699951171875,113708.0
2025-09-24 20:16:46,3763.60009765625,113554.0
2025-09-24 21:13:39,3768.5,113584.0
2025-09-24 22:14:11,3771.0,113658.0
2025-09-24 23:13:52,3772.0,113385.0
2025-09-25 01:05:30,3778.89990234375,113069.0
2025-09-25 02:59:07,3772.199951171875,112894.0
2025-09-25 03:35:06,3768.0,112456.0
2025-09-25 04:18:19,3764.10009765625,112256.0
2025-09-25 05:15:20,3766.800048828125,111874.0
2025-09-25 06:22:47,3776.699951171875,111782.0
2025-09-25 07:16:28,3772.800048828125,111640.0
2025-09-25 08:20:48,3786.300048828125,111932.0
2025-09-25 09:16:15,3786.60009765625,111891.0
2025-09-25 10:15:58,3788.10009765625,111670.0
2025-09-25 11:14:02,3778.39990234375,111538.0
2025-09-25 12:30:57,3783.89990234375,111510.0
2025-09-25 13:26:35,3768.89990234375,111567.0
2025-09-25 14:15:56,3761.5,111256.0
2025-09-25 15:16:10,3760.300048828125,111341.0
2025-09-25 16:18:23,3769.89990234375,111438.0
2025-09-25 17:13:45,3763.10009765625,110751.0
2025-09-25 18:21:56,3768.0,109393.0
2025-09-25 19:12:59,3784.60009765625,109757.0
2025-09-25 20:17:13,3780.39990234375,109250.0
2025-09-25 21:13:43,3780.5,109578.0
2025-09-25 22:12:41,3779.10009765625,109489.0
2025-09-25 23:13:47,3780.5,109664.0
2025-09-26 01:05:40,3777.0,109515.0
2025-09-26 02:57:07,3768.300048828125,109672.0
2025-09-26 03:31:01,3766.89990234375,109434.0
2025-09-26 04:18:13,3775.0,109514.0
2025-09-26 05:15:05,3776.300048828125,109426.0
2025-09-26 06:22:06,3779.10009765625,109573.0
2025-09-26 07:15:33,3768.800048828125,109549.0
2025-09-26 08:21:18,3779.5,109572.0
2025-09-26 09:16:41,3783.199951171875,109733.0
2025-09-26 10:15:47,3784.10009765625,109248.0
2025-09-26 11:12:45,3776.39990234375,108866.0
2025-09-26 12:29:37,3781.800048828125,108912.0
2025-09-26 13:24:29,3794.89990234375,109358.0
2025-09-26 14:14:21,3798.800048828125,109520.0
2025-09-26 15:16:15,3806.300048828125,109002.0
2025-09-26 16:18:18,3808.699951171875,109340.0
2025-09-26 17:15:15,3805.5,109613.0
2025-09-26 18:19:21,3807.10009765625,110135.0
2025-09-26 19:12:16,3806.89990234375,109604.0
2025-09-26 20:16:07,3797.89990234375,109328.0
2025-09-26 21:13:04,3789.800048828125,109254.0
2025-09-26 22:13:40,3789.800048828125,109539.0
2025-09-26 23:13:44,3789.800048828125,109544.0
2025-09-27 01:02:48,3789.800048828125,109671.0
2025-09-27 02:51:17,3789.800048828125,109449.0
2025-09-27 03:24:46,3789.800048828125,109548.0
2025-09-27 04:17:19,3789.800048828125,109596.0
2025-09-27 05:14:03,3809.0,109661.0
2025-09-27 06:18:56,3809.0,109618.0
2025-09-27 07:13:00,3809.0,109588.0
2025-09-27 08:17:37,3809.0,109320.0
2025-09-27 09:13:25,3809.0,109229.0
2025-09-27 10:14:18,3809.0,109326.0
2025-09-27 11:11:17,3809.0,109402.0
2025-09-27 12:25:41,3809.0,109298.0
2025-09-27 13:18:52,3809.0,109369.0
2025-09-27 14:12:25,3809.0,109383.0
2025-09-27 15:13:21,3809.0,109264.0
2025-09-27 16:15:57,3809.0,109416.0
2025-09-27 17:12:15,3809.0,109408.0
2025-09-27 18:18:29,3809.0,109443.0
2025-09-27 19:10:56,3789.800048828125,109458.0
2025-09-27 20:14:52,3809.0,109436.0
2025-09-27 21:12:15,3789.800048828125,109420.0
2025-09-27 22:13:31,3809.0,109587.0
2025-09-27 23:13:34,3809.0,109618.0
2025-09-28 01:12:16,3809.0,109554.0
2025-09-28 03:05:44,3809.0,109533.0
2025-09-28 04:17:26,,109512.0
2025-09-28 05:14:02,,109386.0
2025-09-28 06:20:31,,109393.0
2025-09-28 07:13:11,,109408.0
2025-09-28 08:17:02,,109526.0
2025-09-28 09:13:35,,109451.0
2025-09-28 10:14:08,,109470.0
2025-09-28 11:11:19,,109363.0
2025-09-28 12:26:13,,109413.0
2025-09-28 13:19:27,,109436.0
2025-09-28 14:11:37,,109557.0
2025-09-28 15:13:05,,109823.0
2025-09-28 16:16:05,,110247.0
2025-09-28 17:12:03,,110307.0
2025-09-28 18:18:30,,110140.0
2025-09-28 19:10:50,,110285.0
2025-09-28 20:15:29,,110419.0
2025-09-28 21:12:20,,110888.0
2025-09-28 22:13:28,,111512.0
2025-09-28 23:13:34,3798.10009765625,112173.0
2025-09-29 01:07:07,3814.800048828125,112218.0
2025-09-29 03:01:52,3818.300048828125,111765.0
2025-09-29 04:18:41,3824.199951171875,111796.0
2025-09-29 05:15:41,3839.800048828125,111718.0
2025-09-29 06:23:46,3844.199951171875,111801.0
2025-09-29 07:16:02,3842.800048828125,111708.0
2025-09-29 08:22:14,3843.39990234375,112107.0
2025-09-29 09:17:57,3849.300048828125,112041.0
2025-09-29 10:17:34,3838.89990234375,112152.0
2025-09-29 11:13:12,3847.60009765625,112002.0
2025-09-29 12:30:13,3851.89990234375,112362.0
2025-09-29 13:26:34,3847.5,112233.0
2025-09-29 14:15:48,3855.800048828125,113749.0
2025-09-29 15:15:45,3859.89990234375,113977.0
2025-09-29 16:15:51,3857.60009765625,114043.0
2025-09-29 17:14:01,3859.89990234375,113858.0
2025-09-29 18:22:23,3855.300048828125,113988.0
2025-09-29 19:12:54,3853.300048828125,114079.0
2025-09-29 20:16:13,3856.89990234375,114407.0
2025-09-29 21:13:02,3862.89990234375,114358.0
2025-09-29 22:13:49,3861.699951171875,114171.0
2025-09-29 23:13:54,3858.199951171875,114311.0
2025-09-30 01:06:25,3865.300048828125,114431.0
2025-09-30 02:56:17,3876.800048828125,114505.0
2025-09-30 03:29:13,3883.300048828125,114372.0
2025-09-30 04:18:17,3893.5,114368.0
2025-09-30 05:15:16,3896.60009765625,114149.0
2025-09-30 06:22:57,3896.89990234375,113948.0
2025-09-30 07:15:34,3883.60009765625,113984.0
2025-09-30 08:21:39,3865.89990234375,113710.0
2025-09-30 09:16:22,3845.699951171875,113258.0
2025-09-30 10:16:08,3832.5,112909.0
2025-09-30 11:13:36,3839.5,112909.0
2025-09-30 12:31:03,3843.89990234375,113087.0
2025-09-30 13:26:21,3847.199951171875,113269.0
2025-09-30 14:15:32,3858.699951171875,113137.0
2025-09-30 15:14:01,3876.10009765625,113172.0
2025-09-30 16:19:14,3872.199951171875,113052.0
2025-09-30 17:13:44,3872.39990234375,113083.0
