timestamp,asset,predicted_price,actual,logged_at
2025-09-06 12:10:59,Gold,3608.4093277994793,,2025-09-05T12:11:01.322746
2025-09-07 12:10:59,Gold,3607.592643229167,,2025-09-05T12:11:01.322746
2025-09-08 12:10:59,Gold,3607.50763264974,,2025-09-05T12:11:01.322746
2025-09-09 12:10:59,Gold,3608.237952473959,,2025-09-05T12:11:01.322746
2025-09-10 12:10:59,Gold,3608.8642993164062,,2025-09-05T12:11:01.322746
2025-09-11 12:10:59,Gold,3608.794992675781,,2025-09-05T12:11:01.322746
2025-09-12 12:10:59,Gold,3608.0526521809898,,2025-09-05T12:11:01.322746
2025-09-06 12:10:59,Bitcoin,112294.73666666666,,2025-09-05T12:11:01.818718
2025-09-07 12:10:59,Bitcoin,112306.64666666668,,2025-09-05T12:11:01.818718
2025-09-08 12:10:59,Bitcoin,112300.81,,2025-09-05T12:11:01.818718
2025-09-09 12:10:59,Bitcoin,112315.79,,2025-09-05T12:11:01.818718
2025-09-10 12:10:59,Bitcoin,112313.92,,2025-09-05T12:11:01.818718
2025-09-11 12:10:59,Bitcoin,112311.98333333334,,2025-09-05T12:11:01.818718
2025-09-12 12:10:59,Bitcoin,112307.31333333334,,2025-09-05T12:11:01.818718
2025-09-06 12:24:46,Gold,3607.570274251302,,2025-09-05T12:24:47.868042
2025-09-07 12:24:46,Gold,3607.05095296224,,2025-09-05T12:24:47.868042
2025-09-08 12:24:46,Gold,3607.1396329752606,,2025-09-05T12:24:47.868042
2025-09-09 12:24:46,Gold,3607.934290364584,,2025-09-05T12:24:47.868042
2025-09-10 12:24:46,Gold,3608.441299641927,,2025-09-05T12:24:47.868042
2025-09-11 12:24:46,Gold,3608.693286132812,,2025-09-05T12:24:47.868042
2025-09-12 12:24:46,Gold,3608.354288736979,,2025-09-05T12:24:47.868042
2025-09-06 12:24:46,Bitcoin,112351.03,,2025-09-05T12:24:48.354282
2025-09-07 12:24:46,Bitcoin,112306.24,,2025-09-05T12:24:48.354282
2025-09-08 12:24:46,Bitcoin,112328.88,,2025-09-05T12:24:48.354282
2025-09-09 12:24:46,Bitcoin,112345.31333333334,,2025-09-05T12:24:48.354282
2025-09-10 12:24:46,Bitcoin,112324.44,,2025-09-05T12:24:48.354282
2025-09-11 12:24:46,Bitcoin,112328.86,,2025-09-05T12:24:48.354282
2025-09-12 12:24:46,Bitcoin,112332.46666666666,,2025-09-05T12:24:48.354282
2025-09-01 03:45:09,Gold,3511.929196506077,,2025-09-05T12:26:02.639596
2025-09-01 04:50:29,Gold,3501.56061565171,,2025-09-05T12:26:02.639596
2025-09-01 05:40:36,Gold,3513.2991669379344,,2025-09-05T12:26:02.639596
2025-09-01 06:57:21,Gold,3524.986075032552,,2025-09-05T12:26:02.639596
2025-09-01 07:34:00,Gold,3522.1794186197912,,2025-09-05T12:26:02.639596
2025-09-01 08:51:55,Gold,3533.539189724393,,2025-09-05T12:26:02.639596
2025-09-01 09:41:52,Gold,3525.6097532552094,,2025-09-05T12:26:02.639596
2025-09-01 10:45:19,Gold,3537.137528548177,,2025-09-05T12:26:02.639596
2025-09-01 11:28:40,Gold,3540.244423828125,,2025-09-05T12:26:02.639596
2025-09-01 13:37:39,Gold,3522.01994269164,,2025-09-05T12:26:02.639596
2025-09-01 14:40:19,Gold,3538.639395399306,,2025-09-05T12:26:02.639596
2025-09-01 15:34:17,Gold,3531.247288519966,,2025-09-05T12:26:02.639596
2025-09-01 16:44:43,Gold,3542.939352967924,,2025-09-05T12:26:02.639596
2025-09-01 17:31:50,Gold,3543.422907095039,,2025-09-05T12:26:02.639596
2025-09-01 18:48:28,Gold,3542.601018531671,,2025-09-05T12:26:02.639596
2025-09-01 19:25:01,Gold,3538.652937864508,,2025-09-05T12:26:02.639596
2025-09-01 20:33:58,Gold,3529.437867738021,,2025-09-05T12:26:02.639596
2025-09-01 21:29:08,Gold,3529.437867738021,,2025-09-05T12:26:02.639596
2025-09-01 22:36:05,Gold,3534.3703562707137,,2025-09-05T12:26:02.639596
2025-09-01 23:30:12,Gold,3536.4297755415464,,2025-09-05T12:26:02.639596
2025-09-02 03:19:37,Gold,3540.841849075836,,2025-09-05T12:26:02.639596
2025-09-02 04:44:20,Gold,3538.571189388592,,2025-09-05T12:26:02.639596
2025-09-02 05:40:36,Gold,3540.64252759491,,2025-09-05T12:26:02.639596
2025-09-02 06:55:03,Gold,3551.415451951721,,2025-09-05T12:26:02.639596
2025-09-02 07:33:17,Gold,3553.611742252734,,2025-09-05T12:26:02.639596
2025-09-02 08:49:38,Gold,3549.561238675094,,2025-09-05T12:26:02.639596
2025-09-02 09:37:59,Gold,3551.0100063407863,,2025-09-05T12:26:02.639596
2025-09-02 10:42:44,Gold,3549.786578202505,,2025-09-05T12:26:02.639596
2025-09-02 11:28:29,Gold,3549.8558389756936,,2025-09-05T12:26:02.639596
2025-09-02 13:39:22,Gold,3549.882001844618,,2025-09-05T12:26:02.639596
2025-09-02 14:44:55,Gold,3548.3972872744253,,2025-09-05T12:26:02.639596
2025-09-02 15:39:54,Gold,3553.2669602593314,,2025-09-05T12:26:02.639596
2025-09-02 16:49:18,Gold,3566.221696506076,,2025-09-05T12:26:02.639596
2025-09-02 17:32:18,Gold,3580.8890071614583,,2025-09-05T12:26:02.639596
2025-09-02 18:47:55,Gold,3586.557395019531,,2025-09-05T12:26:02.639596
2025-09-02 19:24:26,Gold,3591.381389160156,,2025-09-05T12:26:02.639596
2025-09-02 20:31:02,Gold,3595.029409993489,,2025-09-05T12:26:02.639596
2025-09-02 21:28:20,Gold,3595.9207103271488,,2025-09-05T12:26:02.639596
2025-09-02 22:32:51,Gold,3594.19258585612,,2025-09-05T12:26:02.639596
2025-09-02 23:27:23,Gold,3582.828983018664,,2025-09-05T12:26:02.639596
2025-09-03 03:04:43,Gold,3591.3515673828124,,2025-09-05T12:26:02.639596
2025-09-03 04:41:01,Gold,3596.160528157552,,2025-09-05T12:26:02.639596
2025-09-03 05:34:21,Gold,3597.330354817708,,2025-09-05T12:26:02.639596
2025-09-03 06:49:26,Gold,3598.663651529948,,2025-09-05T12:26:02.639596
2025-09-03 07:30:45,Gold,3599.953058268229,,2025-09-05T12:26:02.639596
2025-09-03 08:44:34,Gold,3598.4993497721352,,2025-09-05T12:26:02.639596
2025-09-03 08:46:11,Gold,3597.2933024088543,,2025-09-05T12:26:02.639596
2025-09-03 09:34:12,Gold,3600.0516365559897,,2025-09-05T12:26:02.639596
2025-09-03 10:39:15,Gold,3602.9269482421873,,2025-09-05T12:26:02.639596
2025-09-03 11:26:46,Gold,3603.695647786458,,2025-09-05T12:26:02.639596
2025-09-03 13:34:26,Gold,3607.7390681966144,,2025-09-05T12:26:02.639596
2025-09-03 14:40:16,Gold,3614.316698404948,,2025-09-05T12:26:02.639596
2025-09-03 15:36:41,Gold,3623.184025878906,,2025-09-05T12:26:02.639596
2025-09-03 16:46:46,Gold,3626.412676595052,,2025-09-05T12:26:02.639596
2025-09-03 17:33:38,Gold,3629.5526131184897,,2025-09-05T12:26:02.639596
2025-09-03 18:44:38,Gold,3632.664020182292,,2025-09-05T12:26:02.639596
2025-09-03 19:25:53,Gold,3632.388689778646,,2025-09-05T12:26:02.639596
2025-09-03 20:35:09,Gold,3631.7546590169272,,2025-09-05T12:26:02.639596
2025-09-03 21:28:57,Gold,3629.601650390625,,2025-09-05T12:26:02.639596
2025-09-03 22:33:53,Gold,3622.5882934570313,,2025-09-05T12:26:02.639596
2025-09-03 23:28:35,Gold,3616.0795939127606,,2025-09-05T12:26:02.639596
2025-09-04 03:05:44,Gold,3615.0889493815102,,2025-09-05T12:26:02.639596
2025-09-04 04:40:17,Gold,3599.915341796875,,2025-09-05T12:26:02.639596
2025-09-04 05:34:18,Gold,3593.4459855143227,,2025-09-05T12:26:02.639596
2025-09-04 06:50:54,Gold,3591.793033854167,,2025-09-05T12:26:02.639596
2025-09-04 07:30:04,Gold,3597.6949853515625,,2025-09-05T12:26:02.639596
2025-09-04 07:50:58,Gold,3597.056932779948,,2025-09-05T12:26:02.639596
2025-09-04 08:45:07,Gold,3598.579619140625,,2025-09-05T12:26:02.639596
2025-09-04 08:47:29,Gold,3597.6155891927083,,2025-09-05T12:26:02.639596
2025-09-04 09:33:46,Gold,3599.291682942708,,2025-09-05T12:26:02.639596
2025-09-04 10:39:30,Gold,3599.1403304036457,,2025-09-05T12:26:02.639596
2025-09-04 11:27:47,Gold,3597.5086238606773,,2025-09-05T12:26:02.639596
2025-09-04 13:18:31,Gold,3598.1310001627603,,2025-09-05T12:26:02.639596
2025-09-04 13:42:40,Gold,3599.182687988281,,2025-09-05T12:26:02.639596
2025-09-04 13:46:00,Gold,3607.3079825846353,,2025-09-05T12:26:02.639596
2025-09-04 13:55:52,Gold,3609.6563224283855,,2025-09-05T12:26:02.639596
2025-09-04 14:03:16,Gold,3604.905357259114,,2025-09-05T12:26:02.639596
2025-09-04 14:40:35,Gold,3598.775671386719,,2025-09-05T12:26:02.639596
2025-09-04 15:36:37,Gold,3600.163993326823,,2025-09-05T12:26:02.639596
2025-09-04 15:43:15,Gold,3605.178341471354,,2025-09-05T12:26:02.639596
2025-09-04 16:09:51,Gold,3606.0404036458335,,2025-09-05T12:26:02.639596
2025-09-04 16:47:05,Gold,3611.6390283203127,,2025-09-05T12:26:02.639596
2025-09-04 17:32:26,Gold,3610.143002929688,,2025-09-05T12:26:02.639596
2025-09-04 18:48:43,Gold,3604.504349772136,,2025-09-05T12:26:02.639596
2025-09-04 19:24:11,Gold,3604.738370768229,,2025-09-05T12:26:02.639596
2025-09-04 20:34:00,Gold,3608.195684407552,,2025-09-05T12:26:02.639596
2025-09-04 21:29:28,Gold,3610.8356982421874,,2025-09-05T12:26:02.639596
2025-09-04 22:34:44,Gold,3605.2249820963534,,2025-09-05T12:26:02.639596
2025-09-04 23:29:00,Gold,3600.725660807292,,2025-09-05T12:26:02.639596
2025-09-05 03:10:01,Gold,3598.807307942708,,2025-09-05T12:26:02.639596
2025-09-05 04:40:54,Gold,3610.8309912109376,,2025-09-05T12:26:02.639596
2025-09-05 05:34:56,Gold,3612.322312825521,,2025-09-05T12:26:02.639596
2025-09-05 06:51:38,Gold,3606.8353173828127,,2025-09-05T12:26:02.639596
2025-09-05 07:30:33,Gold,3607.162978515625,,2025-09-05T12:26:02.639596
2025-09-05 08:12:57,Gold,3606.743971354167,,2025-09-05T12:26:02.639596
2025-09-05 08:18:39,Gold,3608.402000325521,,2025-09-05T12:26:02.639596
2025-09-05 08:32:37,Gold,3608.756630859375,,2025-09-05T12:26:02.639596
2025-09-05 08:41:29,Gold,3607.1583072916665,,2025-09-05T12:26:02.639596
2025-09-05 08:44:51,Gold,3607.620968424479,,2025-09-05T12:26:02.639596
2025-09-05 08:46:09,Gold,3608.1163053385417,,2025-09-05T12:26:02.639596
2025-09-05 09:34:09,Gold,3606.142299804688,,2025-09-05T12:26:02.639596
2025-09-05 10:40:27,Gold,3606.56929280599,,2025-09-05T12:26:02.639596
2025-09-05 10:43:52,Gold,3606.693006184896,,2025-09-05T12:26:02.639596
2025-09-05 11:17:14,Gold,3607.9676774088543,,2025-09-05T12:26:02.639596
2025-09-05 11:26:41,Gold,3607.449307454427,,2025-09-05T12:26:02.639596
2025-09-05 11:35:36,Gold,3608.017676595052,,2025-09-05T12:26:02.639596
2025-09-05 11:53:45,Gold,3606.081946614584,,2025-09-05T12:26:02.639596
2025-09-05 12:10:59,Gold,3607.046319986979,,2025-09-05T12:26:02.639596
2025-09-05 12:24:46,Gold,3608.4093277994793,,2025-09-05T12:26:02.639596
2025-09-01 03:45:09,Bitcoin,108469.72666666668,,2025-09-05T12:27:20.054650
2025-09-01 04:50:29,Bitcoin,108356.54666666666,,2025-09-05T12:27:20.054650
2025-09-01 05:40:36,Bitcoin,107956.62,,2025-09-05T12:27:20.054650
2025-09-01 06:57:21,Bitcoin,108032.28333333334,,2025-09-05T12:27:20.054650
2025-09-01 07:34:00,Bitcoin,108183.41666666669,,2025-09-05T12:27:20.054650
2025-09-01 08:51:55,Bitcoin,108424.80666666669,,2025-09-05T12:27:20.054650
2025-09-01 09:41:52,Bitcoin,108563.02333333332,,2025-09-05T12:27:20.054650
2025-09-01 10:45:19,Bitcoin,109739.99333333332,,2025-09-05T12:27:20.054650
2025-09-01 11:28:40,Bitcoin,108613.09666666666,,2025-09-05T12:27:20.054650
2025-09-01 13:37:39,Bitcoin,108641.39,,2025-09-05T12:27:20.054650
2025-09-01 14:40:19,Bitcoin,108866.55333333332,,2025-09-05T12:27:20.054650
2025-09-01 15:34:17,Bitcoin,108937.59333333334,,2025-09-05T12:27:20.054650
2025-09-01 16:44:43,Bitcoin,108714.13666666669,,2025-09-05T12:27:20.054650
2025-09-01 17:31:50,Bitcoin,108836.01666666666,,2025-09-05T12:27:20.054650
2025-09-01 18:48:28,Bitcoin,108613.78,,2025-09-05T12:27:20.054650
2025-09-01 19:25:01,Bitcoin,108838.55,,2025-09-05T12:27:20.054650
2025-09-01 20:33:58,Bitcoin,108868.03333333334,,2025-09-05T12:27:20.054650
2025-09-01 21:29:08,Bitcoin,108795.39,,2025-09-05T12:27:20.054650
2025-09-01 22:36:05,Bitcoin,108094.23333333334,,2025-09-05T12:27:20.054650
2025-09-01 23:30:12,Bitcoin,108157.96,,2025-09-05T12:27:20.054650
2025-09-02 03:19:37,Bitcoin,108707.66333333332,,2025-09-05T12:27:20.054650
2025-09-02 04:44:20,Bitcoin,109699.91,,2025-09-05T12:27:20.054650
2025-09-02 05:40:36,Bitcoin,109581.05666666669,,2025-09-05T12:27:20.054650
2025-09-02 06:55:03,Bitcoin,109918.35666666667,,2025-09-05T12:27:20.054650
2025-09-02 07:33:17,Bitcoin,109788.94333333331,,2025-09-05T12:27:20.054650
2025-09-02 08:49:38,Bitcoin,110176.99333333332,,2025-09-05T12:27:20.054650
2025-09-02 09:37:59,Bitcoin,110192.38666666669,,2025-09-05T12:27:20.054650
2025-09-02 10:42:44,Bitcoin,110134.99666666667,,2025-09-05T12:27:20.054650
2025-09-02 11:28:29,Bitcoin,110224.9,,2025-09-05T12:27:20.054650
2025-09-02 13:39:22,Bitcoin,110012.38666666669,,2025-09-05T12:27:20.054650
2025-09-02 14:44:55,Bitcoin,110149.69666666668,,2025-09-05T12:27:20.054650
2025-09-02 15:39:54,Bitcoin,111288.02666666669,,2025-09-05T12:27:20.054650
2025-09-02 16:49:18,Bitcoin,110947.75333333333,,2025-09-05T12:27:20.054650
2025-09-02 17:32:18,Bitcoin,110794.63333333332,,2025-09-05T12:27:20.054650
2025-09-02 18:47:55,Bitcoin,110794.14333333333,,2025-09-05T12:27:20.054650
2025-09-02 19:24:26,Bitcoin,110846.52,,2025-09-05T12:27:20.054650
2025-09-02 20:31:02,Bitcoin,110623.90333333334,,2025-09-05T12:27:20.054650
2025-09-02 21:28:20,Bitcoin,111085.4,,2025-09-05T12:27:20.054650
2025-09-02 22:32:51,Bitcoin,111282.81,,2025-09-05T12:27:20.054650
2025-09-02 23:27:23,Bitcoin,110795.17666666668,,2025-09-05T12:27:20.054650
2025-09-03 03:04:43,Bitcoin,110995.18333333332,,2025-09-05T12:27:20.054650
2025-09-03 04:41:01,Bitcoin,111181.27,,2025-09-05T12:27:20.054650
2025-09-03 05:34:21,Bitcoin,111002.3,,2025-09-05T12:27:20.054650
2025-09-03 06:49:26,Bitcoin,110817.09666666666,,2025-09-05T12:27:20.054650
2025-09-03 07:30:45,Bitcoin,110699.93666666666,,2025-09-05T12:27:20.054650
2025-09-03 08:44:34,Bitcoin,110886.12333333334,,2025-09-05T12:27:20.054650
2025-09-03 08:46:11,Bitcoin,110773.3,,2025-09-05T12:27:20.054650
2025-09-03 09:34:12,Bitcoin,111107.29333333332,,2025-09-05T12:27:20.054650
2025-09-03 10:39:15,Bitcoin,111100.66333333332,,2025-09-05T12:27:20.054650
2025-09-03 11:26:46,Bitcoin,111086.52,,2025-09-05T12:27:20.054650
2025-09-03 13:34:26,Bitcoin,111413.89,,2025-09-05T12:27:20.054650
2025-09-03 14:40:16,Bitcoin,111297.65666666666,,2025-09-05T12:27:20.054650
2025-09-03 15:36:41,Bitcoin,112130.85666666667,,2025-09-05T12:27:20.054650
2025-09-03 16:46:46,Bitcoin,112087.96333333332,,2025-09-05T12:27:20.054650
2025-09-03 17:33:38,Bitcoin,111895.99666666667,,2025-09-05T12:27:20.054650
2025-09-03 18:44:38,Bitcoin,112210.24666666667,,2025-09-05T12:27:20.054650
2025-09-03 19:25:53,Bitcoin,112014.89,,2025-09-05T12:27:20.054650
2025-09-03 20:35:09,Bitcoin,112187.01333333334,,2025-09-05T12:27:20.054650
2025-09-03 21:28:57,Bitcoin,112017.09333333334,,2025-09-05T12:27:20.054650
2025-09-03 22:33:53,Bitcoin,111912.59666666666,,2025-09-05T12:27:20.054650
2025-09-03 23:28:35,Bitcoin,112138.1,,2025-09-05T12:27:20.054650
2025-09-04 03:05:44,Bitcoin,112229.01,,2025-09-05T12:27:20.054650
2025-09-04 04:40:17,Bitcoin,111402.52333333332,,2025-09-05T12:27:20.054650
2025-09-04 05:34:18,Bitcoin,110919.94333333331,,2025-09-05T12:27:20.054650
2025-09-04 06:50:54,Bitcoin,110778.98333333334,,2025-09-05T12:27:20.054650
2025-09-04 07:30:04,Bitcoin,110109.45666666668,,2025-09-05T12:27:20.054650
2025-09-04 07:50:58,Bitcoin,110180.94666666668,,2025-09-05T12:27:20.054650
2025-09-04 08:45:07,Bitcoin,110276.01333333334,,2025-09-05T12:27:20.054650
2025-09-04 08:47:29,Bitcoin,110356.17666666668,,2025-09-05T12:27:20.054650
2025-09-04 09:33:46,Bitcoin,110856.71,,2025-09-05T12:27:20.054650
2025-09-04 10:39:30,Bitcoin,110806.18333333332,,2025-09-05T12:27:20.054650
2025-09-04 11:27:47,Bitcoin,110999.81666666668,,2025-09-05T12:27:20.054650
2025-09-04 13:18:31,Bitcoin,110803.63,,2025-09-05T12:27:20.054650
2025-09-04 13:42:40,Bitcoin,110722.95,,2025-09-05T12:27:20.054650
2025-09-04 13:46:00,Bitcoin,110705.92666666668,,2025-09-05T12:27:20.054650
2025-09-04 13:55:52,Bitcoin,110671.71,,2025-09-05T12:27:20.054650
2025-09-04 14:03:16,Bitcoin,110504.86666666668,,2025-09-05T12:27:20.054650
2025-09-04 14:40:35,Bitcoin,110599.49333333332,,2025-09-05T12:27:20.054650
2025-09-04 15:36:37,Bitcoin,110282.96,,2025-09-05T12:27:20.054650
2025-09-04 15:43:15,Bitcoin,109479.67,,2025-09-05T12:27:20.054650
2025-09-04 16:09:51,Bitcoin,109497.89,,2025-09-05T12:27:20.054650
2025-09-04 16:47:05,Bitcoin,109597.51,,2025-09-05T12:27:20.054650
2025-09-04 17:32:26,Bitcoin,109516.14666666668,,2025-09-05T12:27:20.054650
2025-09-04 18:48:43,Bitcoin,109838.64666666668,,2025-09-05T12:27:20.054650
2025-09-04 19:24:11,Bitcoin,110243.15,,2025-09-05T12:27:20.054650
2025-09-04 20:34:00,Bitcoin,110266.27333333332,,2025-09-05T12:27:20.054650
2025-09-04 21:29:28,Bitcoin,110121.94666666668,,2025-09-05T12:27:20.054650
2025-09-04 22:34:44,Bitcoin,110328.10666666667,,2025-09-05T12:27:20.054650
2025-09-04 23:29:00,Bitcoin,110867.33666666668,,2025-09-05T12:27:20.054650
2025-09-05 03:10:01,Bitcoin,111191.67333333334,,2025-09-05T12:27:20.054650
2025-09-05 04:40:54,Bitcoin,111135.86666666668,,2025-09-05T12:27:20.054650
2025-09-05 05:34:56,Bitcoin,111584.1,,2025-09-05T12:27:20.054650
2025-09-05 06:51:38,Bitcoin,111567.98666666666,,2025-09-05T12:27:20.054650
2025-09-05 07:30:33,Bitcoin,111999.55,,2025-09-05T12:27:20.054650
2025-09-05 08:12:57,Bitcoin,112733.58666666668,,2025-09-05T12:27:20.054650
2025-09-05 08:18:39,Bitcoin,112726.02666666669,,2025-09-05T12:27:20.054650
2025-09-05 08:32:37,Bitcoin,112784.51666666666,,2025-09-05T12:27:20.054650
2025-09-05 08:41:29,Bitcoin,112772.10333333332,,2025-09-05T12:27:20.054650
2025-09-05 08:44:51,Bitcoin,112722.86666666668,,2025-09-05T12:27:20.054650
2025-09-05 08:46:09,Bitcoin,112741.09666666666,,2025-09-05T12:27:20.054650
2025-09-05 09:34:09,Bitcoin,112740.45333333334,,2025-09-05T12:27:20.054650
2025-09-05 10:40:27,Bitcoin,112245.29333333332,,2025-09-05T12:27:20.054650
2025-09-05 10:43:52,Bitcoin,112231.45,,2025-09-05T12:27:20.054650
2025-09-05 11:17:14,Bitcoin,112117.96333333332,,2025-09-05T12:27:20.054650
2025-09-05 11:26:41,Bitcoin,112202.29,,2025-09-05T12:27:20.054650
2025-09-05 11:35:36,Bitcoin,112223.07,,2025-09-05T12:27:20.054650
2025-09-05 11:53:45,Bitcoin,112242.70333333334,,2025-09-05T12:27:20.054650
2025-09-05 12:10:59,Bitcoin,112236.03,,2025-09-05T12:27:20.054650
2025-09-05 12:24:46,Bitcoin,112294.73666666666,,2025-09-05T12:27:20.054650
2025-09-06 15:33:54.851824,Gold,3644.32,,2025-09-05T15:33:54.853195
2025-09-07 15:33:54.851824,Gold,3644.52,,2025-09-05T15:33:54.853195
2025-09-08 15:33:54.851824,Gold,3644.24,,2025-09-05T15:33:54.853195
2025-09-09 15:33:54.851824,Gold,3644.45,,2025-09-05T15:33:54.853195
2025-09-10 15:33:54.851824,Gold,3644.45,,2025-09-05T15:33:54.853195
2025-09-06 15:33:55.305846,Bitcoin,110817.21,,2025-09-05T15:33:55.307019
2025-09-07 15:33:55.305846,Bitcoin,110846.82,,2025-09-05T15:33:55.307019
2025-09-08 15:33:55.305846,Bitcoin,110864.3,,2025-09-05T15:33:55.307019
2025-09-09 15:33:55.305846,Bitcoin,110844.49,,2025-09-05T15:33:55.307019
2025-09-10 15:33:55.305846,Bitcoin,110806.45,,2025-09-05T15:33:55.307019
2025-09-06 15:37:01.741778,Gold,3638.18994140625,,2025-09-05T15:37:01.744334
2025-09-07 15:37:01.741778,Gold,3638.22998046875,,2025-09-05T15:37:01.744334
2025-09-08 15:37:01.741778,Gold,3646.510009765625,,2025-09-05T15:37:01.744334
2025-09-09 15:37:01.741778,Gold,3646.510009765625,,2025-09-05T15:37:01.744334
2025-09-10 15:37:01.741778,Gold,3646.510009765625,,2025-09-05T15:37:01.744334
2025-09-06 15:37:01.918284,Bitcoin,110736.796875,,2025-09-05T15:37:01.919509
2025-09-07 15:37:01.918284,Bitcoin,110726.3671875,,2025-09-05T15:37:01.919509
2025-09-08 15:37:01.918284,Bitcoin,110731.59375,,2025-09-05T15:37:01.919509
2025-09-09 15:37:01.918284,Bitcoin,110725.40625,,2025-09-05T15:37:01.919509
2025-09-10 15:37:01.918284,Bitcoin,110725.40625,,2025-09-05T15:37:01.919509
2025-09-06 15:48:45.323561,Gold,3618.919921875,,2025-09-05T15:48:45.324672
2025-09-07 15:48:45.323561,Gold,3618.919921875,,2025-09-05T15:48:45.324672
2025-09-08 15:48:45.323561,Gold,3618.919921875,,2025-09-05T15:48:45.324672
2025-09-09 15:48:45.323561,Gold,3618.919921875,,2025-09-05T15:48:45.324672
2025-09-10 15:48:45.323561,Gold,3618.919921875,,2025-09-05T15:48:45.324672
2025-09-06 15:48:45.368584,Bitcoin,108918.2265625,,2025-09-05T15:48:45.369445
2025-09-07 15:48:45.368584,Bitcoin,108552.1796875,,2025-09-05T15:48:45.369445
2025-09-08 15:48:45.368584,Bitcoin,108509.0234375,,2025-09-05T15:48:45.369445
2025-09-09 15:48:45.368584,Bitcoin,108552.1796875,,2025-09-05T15:48:45.369445
2025-09-10 15:48:45.368584,Bitcoin,110601.1171875,,2025-09-05T15:48:45.369445
2025-09-06 16:42:23.759169,Gold,3620.43994140625,,2025-09-05T16:42:23.760422
2025-09-07 16:42:23.759169,Gold,3620.43994140625,,2025-09-05T16:42:23.760422
2025-09-08 16:42:23.759169,Gold,3620.43994140625,,2025-09-05T16:42:23.760422
2025-09-09 16:42:23.759169,Gold,3620.43994140625,,2025-09-05T16:42:23.760422
2025-09-10 16:42:23.759169,Gold,3620.43994140625,,2025-09-05T16:42:23.760422
2025-09-06 16:42:23.805376,Bitcoin,108918.2109375,,2025-09-05T16:42:23.806525
2025-09-07 16:42:23.805376,Bitcoin,108552.171875,,2025-09-05T16:42:23.806525
2025-09-08 16:42:23.805376,Bitcoin,108509.90625,,2025-09-05T16:42:23.806525
2025-09-09 16:42:23.805376,Bitcoin,108552.171875,,2025-09-05T16:42:23.806525
2025-09-10 16:42:23.805376,Bitcoin,110601.1484375,,2025-09-05T16:42:23.806525
2025-09-06 17:32:40.740178,Gold,3621.22998046875,,2025-09-05T17:32:40.741444
2025-09-07 17:32:40.740178,Gold,3621.22998046875,,2025-09-05T17:32:40.741444
2025-09-08 17:32:40.740178,Gold,3621.22998046875,,2025-09-05T17:32:40.741444
2025-09-09 17:32:40.740178,Gold,3621.22998046875,,2025-09-05T17:32:40.741444
2025-09-10 17:32:40.740178,Gold,3621.22998046875,,2025-09-05T17:32:40.741444
2025-09-06 17:32:40.786613,Bitcoin,108918.203125,,2025-09-05T17:32:40.787696
2025-09-07 17:32:40.786613,Bitcoin,108552.15625,,2025-09-05T17:32:40.787696
2025-09-08 17:32:40.786613,Bitcoin,108509.8984375,,2025-09-05T17:32:40.787696
2025-09-09 17:32:40.786613,Bitcoin,108552.15625,,2025-09-05T17:32:40.787696
2025-09-10 17:32:40.786613,Bitcoin,110601.203125,,2025-09-05T17:32:40.787696
2025-09-06 18:46:45.172441,Gold,3622.3701171875,,2025-09-05T18:46:45.173531
2025-09-07 18:46:45.172441,Gold,3622.3701171875,,2025-09-05T18:46:45.173531
2025-09-08 18:46:45.172441,Gold,3622.3701171875,,2025-09-05T18:46:45.173531
2025-09-09 18:46:45.172441,Gold,3622.3701171875,,2025-09-05T18:46:45.173531
2025-09-10 18:46:45.172441,Gold,3622.3701171875,,2025-09-05T18:46:45.173531
2025-09-06 18:46:45.218506,Bitcoin,108918.203125,,2025-09-05T18:46:45.219316
2025-09-07 18:46:45.218506,Bitcoin,108552.15625,,2025-09-05T18:46:45.219316
2025-09-08 18:46:45.218506,Bitcoin,108510.8203125,,2025-09-05T18:46:45.219316
2025-09-09 18:46:45.218506,Bitcoin,108552.15625,,2025-09-05T18:46:45.219316
2025-09-10 18:46:45.218506,Bitcoin,110601.203125,,2025-09-05T18:46:45.219316
2025-09-06 18:59:47.002309,Gold,3622.77001953125,,2025-09-05T18:59:47.003337
2025-09-07 18:59:47.002309,Gold,3622.77001953125,,2025-09-05T18:59:47.003337
2025-09-08 18:59:47.002309,Gold,3622.77001953125,,2025-09-05T18:59:47.003337
2025-09-09 18:59:47.002309,Gold,3622.77001953125,,2025-09-05T18:59:47.003337
2025-09-10 18:59:47.002309,Gold,3622.77001953125,,2025-09-05T18:59:47.003337
2025-09-06 18:59:47.046773,Bitcoin,108918.203125,,2025-09-05T18:59:47.047569
2025-09-07 18:59:47.046773,Bitcoin,108552.15625,,2025-09-05T18:59:47.047569
2025-09-08 18:59:47.046773,Bitcoin,108510.7734375,,2025-09-05T18:59:47.047569
2025-09-09 18:59:47.046773,Bitcoin,108552.15625,,2025-09-05T18:59:47.047569
2025-09-10 18:59:47.046773,Bitcoin,110601.2734375,,2025-09-05T18:59:47.047569
2025-09-06 19:25:47.849460,Gold,3622.60009765625,,2025-09-05T19:25:47.850503
2025-09-07 19:25:47.849460,Gold,3622.60009765625,,2025-09-05T19:25:47.850503
2025-09-08 19:25:47.849460,Gold,3622.60009765625,,2025-09-05T19:25:47.850503
2025-09-09 19:25:47.849460,Gold,3622.60009765625,,2025-09-05T19:25:47.850503
2025-09-10 19:25:47.849460,Gold,3622.60009765625,,2025-09-05T19:25:47.850503
2025-09-06 19:25:47.894641,Bitcoin,108918.1875,,2025-09-05T19:25:47.895489
2025-09-07 19:25:47.894641,Bitcoin,108552.140625,,2025-09-05T19:25:47.895489
2025-09-08 19:25:47.894641,Bitcoin,108511.6875,,2025-09-05T19:25:47.895489
2025-09-09 19:25:47.894641,Bitcoin,108552.140625,,2025-09-05T19:25:47.895489
2025-09-10 19:25:47.894641,Bitcoin,110601.296875,,2025-09-05T19:25:47.895489
2025-09-06 20:36:04.100492,Gold,3622.27001953125,,2025-09-05T20:36:04.101593
2025-09-07 20:36:04.100492,Gold,3622.27001953125,,2025-09-05T20:36:04.101593
2025-09-08 20:36:04.100492,Gold,3622.27001953125,,2025-09-05T20:36:04.101593
2025-09-09 20:36:04.100492,Gold,3622.27001953125,,2025-09-05T20:36:04.101593
2025-09-10 20:36:04.100492,Gold,3622.27001953125,,2025-09-05T20:36:04.101593
2025-09-06 20:36:04.146097,Bitcoin,108918.1875,,2025-09-05T20:36:04.147005
2025-09-07 20:36:04.146097,Bitcoin,108552.140625,,2025-09-05T20:36:04.147005
2025-09-08 20:36:04.146097,Bitcoin,108511.6875,,2025-09-05T20:36:04.147005
2025-09-09 20:36:04.146097,Bitcoin,108552.140625,,2025-09-05T20:36:04.147005
2025-09-10 20:36:04.146097,Bitcoin,110601.28125,,2025-09-05T20:36:04.147005
2025-09-06 21:28:50.813661,Gold,3623.669921875,,2025-09-05T21:28:50.815039
2025-09-07 21:28:50.813661,Gold,3623.669921875,,2025-09-05T21:28:50.815039
2025-09-08 21:28:50.813661,Gold,3623.669921875,,2025-09-05T21:28:50.815039
2025-09-09 21:28:50.813661,Gold,3623.669921875,,2025-09-05T21:28:50.815039
2025-09-10 21:28:50.813661,Gold,3623.669921875,,2025-09-05T21:28:50.815039
2025-09-06 21:28:50.860643,Bitcoin,108918.2109375,,2025-09-05T21:28:50.861785
2025-09-07 21:28:50.860643,Bitcoin,108552.1171875,,2025-09-05T21:28:50.861785
2025-09-08 21:28:50.860643,Bitcoin,108511.671875,,2025-09-05T21:28:50.861785
2025-09-09 21:28:50.860643,Bitcoin,108552.1171875,,2025-09-05T21:28:50.861785
2025-09-10 21:28:50.860643,Bitcoin,110601.3515625,,2025-09-05T21:28:50.861785
2025-09-06 22:34:19.779880,Gold,3623.419921875,,2025-09-05T22:34:19.781099
2025-09-07 22:34:19.779880,Gold,3623.419921875,,2025-09-05T22:34:19.781099
2025-09-08 22:34:19.779880,Gold,3623.419921875,,2025-09-05T22:34:19.781099
2025-09-09 22:34:19.779880,Gold,3623.419921875,,2025-09-05T22:34:19.781099
2025-09-10 22:34:19.779880,Gold,3623.419921875,,2025-09-05T22:34:19.781099
2025-09-06 22:34:19.826204,Bitcoin,108918.203125,,2025-09-05T22:34:19.827379
2025-09-07 22:34:19.826204,Bitcoin,108552.1171875,,2025-09-05T22:34:19.827379
2025-09-08 22:34:19.826204,Bitcoin,108512.6015625,,2025-09-05T22:34:19.827379
2025-09-09 22:34:19.826204,Bitcoin,108552.1171875,,2025-09-05T22:34:19.827379
2025-09-10 22:34:19.826204,Bitcoin,110601.390625,,2025-09-05T22:34:19.827379
2025-09-06 23:29:04.615107,Gold,3622.419921875,,2025-09-05T23:29:04.616319
2025-09-07 23:29:04.615107,Gold,3622.419921875,,2025-09-05T23:29:04.616319
2025-09-08 23:29:04.615107,Gold,3622.419921875,,2025-09-05T23:29:04.616319
2025-09-09 23:29:04.615107,Gold,3622.419921875,,2025-09-05T23:29:04.616319
2025-09-10 23:29:04.615107,Gold,3622.419921875,,2025-09-05T23:29:04.616319
2025-09-06 23:29:04.661554,Bitcoin,108918.203125,,2025-09-05T23:29:04.662668
2025-09-07 23:29:04.661554,Bitcoin,108552.109375,,2025-09-05T23:29:04.662668
2025-09-08 23:29:04.661554,Bitcoin,108512.578125,,2025-09-05T23:29:04.662668
2025-09-09 23:29:04.661554,Bitcoin,108552.109375,,2025-09-05T23:29:04.662668
2025-09-10 23:29:04.661554,Bitcoin,110601.453125,,2025-09-05T23:29:04.662668
2025-09-07 03:05:21.197547,Gold,3639.419921875,,2025-09-06T03:05:21.198681
2025-09-08 03:05:21.197547,Gold,3639.419921875,,2025-09-06T03:05:21.198681
2025-09-09 03:05:21.197547,Gold,3639.419921875,,2025-09-06T03:05:21.198681
2025-09-10 03:05:21.197547,Gold,3639.419921875,,2025-09-06T03:05:21.198681
2025-09-11 03:05:21.197547,Gold,3639.419921875,,2025-09-06T03:05:21.198681
2025-09-07 03:05:21.244774,Bitcoin,108552.09375,,2025-09-06T03:05:21.245632
2025-09-08 03:05:21.244774,Bitcoin,108511.84375,,2025-09-06T03:05:21.245632
2025-09-09 03:05:21.244774,Bitcoin,108563.53125,,2025-09-06T03:05:21.245632
2025-09-10 03:05:21.244774,Bitcoin,108511.84375,,2025-09-06T03:05:21.245632
2025-09-11 03:05:21.244774,Bitcoin,108804.2734375,,2025-09-06T03:05:21.245632
2025-09-07 04:38:58.936308,Gold,3639.419921875,,2025-09-06T04:38:58.937350
2025-09-08 04:38:58.936308,Gold,3639.419921875,,2025-09-06T04:38:58.937350
2025-09-09 04:38:58.936308,Gold,3639.419921875,,2025-09-06T04:38:58.937350
2025-09-10 04:38:58.936308,Gold,3639.419921875,,2025-09-06T04:38:58.937350
2025-09-11 04:38:58.936308,Gold,3639.419921875,,2025-09-06T04:38:58.937350
2025-09-07 04:38:58.981790,Bitcoin,108552.046875,,2025-09-06T04:38:58.982657
2025-09-08 04:38:58.981790,Bitcoin,108515.2109375,,2025-09-06T04:38:58.982657
2025-09-09 04:38:58.981790,Bitcoin,108564.0078125,,2025-09-06T04:38:58.982657
2025-09-10 04:38:58.981790,Bitcoin,108516.453125,,2025-09-06T04:38:58.982657
2025-09-11 04:38:58.981790,Bitcoin,108879.8515625,,2025-09-06T04:38:58.982657
2025-09-07 05:32:51.000815,Gold,3639.419921875,,2025-09-06T05:32:51.001977
2025-09-08 05:32:51.000815,Gold,3639.419921875,,2025-09-06T05:32:51.001977
2025-09-09 05:32:51.000815,Gold,3639.419921875,,2025-09-06T05:32:51.001977
2025-09-10 05:32:51.000815,Gold,3639.419921875,,2025-09-06T05:32:51.001977
2025-09-11 05:32:51.000815,Gold,3639.419921875,,2025-09-06T05:32:51.001977
2025-09-07 05:32:51.047224,Bitcoin,108552.046875,,2025-09-06T05:32:51.048361
2025-09-08 05:32:51.047224,Bitcoin,108521.40625,,2025-09-06T05:32:51.048361
2025-09-09 05:32:51.047224,Bitcoin,108563.4296875,,2025-09-06T05:32:51.048361
2025-09-10 05:32:51.047224,Bitcoin,108521.7734375,,2025-09-06T05:32:51.048361
2025-09-11 05:32:51.047224,Bitcoin,109204.96875,,2025-09-06T05:32:51.048361
2025-09-07 06:44:48.417898,Gold,3642.760009765625,,2025-09-06T06:44:48.419041
2025-09-08 06:44:48.417898,Gold,3642.760009765625,,2025-09-06T06:44:48.419041
2025-09-09 06:44:48.417898,Gold,3642.760009765625,,2025-09-06T06:44:48.419041
2025-09-10 06:44:48.417898,Gold,3642.760009765625,,2025-09-06T06:44:48.419041
2025-09-11 06:44:48.417898,Gold,3642.760009765625,,2025-09-06T06:44:48.419041
2025-09-07 06:44:48.464903,Bitcoin,108552.0390625,,2025-09-06T06:44:48.465909
2025-09-08 06:44:48.464903,Bitcoin,108519.1484375,,2025-09-06T06:44:48.465909
2025-09-09 06:44:48.464903,Bitcoin,108563.40625,,2025-09-06T06:44:48.465909
2025-09-10 06:44:48.464903,Bitcoin,108519.1484375,,2025-09-06T06:44:48.465909
2025-09-11 06:44:48.464903,Bitcoin,109200.3984375,,2025-09-06T06:44:48.465909
2025-09-07 07:26:36.248045,Gold,3642.10009765625,,2025-09-06T07:26:36.249046
2025-09-08 07:26:36.248045,Gold,3642.10009765625,,2025-09-06T07:26:36.249046
2025-09-09 07:26:36.248045,Gold,3642.10009765625,,2025-09-06T07:26:36.249046
2025-09-10 07:26:36.248045,Gold,3642.10009765625,,2025-09-06T07:26:36.249046
2025-09-11 07:26:36.248045,Gold,3642.10009765625,,2025-09-06T07:26:36.249046
2025-09-07 07:26:36.293754,Bitcoin,108552.0390625,,2025-09-06T07:26:36.294531
2025-09-08 07:26:36.293754,Bitcoin,108522.21875,,2025-09-06T07:26:36.294531
2025-09-09 07:26:36.293754,Bitcoin,108562.78125,,2025-09-06T07:26:36.294531
2025-09-10 07:26:36.293754,Bitcoin,108522.7734375,,2025-09-06T07:26:36.294531
2025-09-11 07:26:36.293754,Bitcoin,109016.703125,,2025-09-06T07:26:36.294531
2025-09-07 08:37:06.683066,Gold,3641.64990234375,,2025-09-06T08:37:06.684168
2025-09-08 08:37:06.683066,Gold,3641.64990234375,,2025-09-06T08:37:06.684168
2025-09-09 08:37:06.683066,Gold,3641.64990234375,,2025-09-06T08:37:06.684168
2025-09-10 08:37:06.683066,Gold,3641.64990234375,,2025-09-06T08:37:06.684168
2025-09-11 08:37:06.683066,Gold,3641.64990234375,,2025-09-06T08:37:06.684168
2025-09-07 08:37:06.729401,Bitcoin,108552.0390625,,2025-09-06T08:37:06.730273
2025-09-08 08:37:06.729401,Bitcoin,108525.203125,,2025-09-06T08:37:06.730273
2025-09-09 08:37:06.729401,Bitcoin,108564.4765625,,2025-09-06T08:37:06.730273
2025-09-10 08:37:06.729401,Bitcoin,108526.046875,,2025-09-06T08:37:06.730273
2025-09-11 08:37:06.729401,Bitcoin,108967.78125,,2025-09-06T08:37:06.730273
2025-09-07 09:28:56.517667,Gold,3643.239990234375,,2025-09-06T09:28:56.518812
2025-09-08 09:28:56.517667,Gold,3643.239990234375,,2025-09-06T09:28:56.518812
2025-09-09 09:28:56.517667,Gold,3643.239990234375,,2025-09-06T09:28:56.518812
2025-09-10 09:28:56.517667,Gold,3643.239990234375,,2025-09-06T09:28:56.518812
2025-09-11 09:28:56.517667,Gold,3643.239990234375,,2025-09-06T09:28:56.518812
2025-09-07 09:28:56.564236,Bitcoin,108552.03125,,2025-09-06T09:28:56.565212
2025-09-08 09:28:56.564236,Bitcoin,108519.9921875,,2025-09-06T09:28:56.565212
2025-09-09 09:28:56.564236,Bitcoin,108563.7265625,,2025-09-06T09:28:56.565212
2025-09-10 09:28:56.564236,Bitcoin,108519.9921875,,2025-09-06T09:28:56.565212
2025-09-11 09:28:56.564236,Bitcoin,109090.6171875,,2025-09-06T09:28:56.565212
2025-09-07 10:33:50.606021,Gold,3642.760009765625,,2025-09-06T10:33:50.607134
2025-09-08 10:33:50.606021,Gold,3642.760009765625,,2025-09-06T10:33:50.607134
2025-09-09 10:33:50.606021,Gold,3642.760009765625,,2025-09-06T10:33:50.607134
2025-09-10 10:33:50.606021,Gold,3642.760009765625,,2025-09-06T10:33:50.607134
2025-09-11 10:33:50.606021,Gold,3642.760009765625,,2025-09-06T10:33:50.607134
2025-09-07 10:33:50.652213,Bitcoin,108552.0234375,,2025-09-06T10:33:50.653029
2025-09-08 10:33:50.652213,Bitcoin,108525.0390625,,2025-09-06T10:33:50.653029
2025-09-09 10:33:50.652213,Bitcoin,108564.4609375,,2025-09-06T10:33:50.653029
2025-09-10 10:33:50.652213,Bitcoin,108525.9921875,,2025-09-06T10:33:50.653029
2025-09-11 10:33:50.652213,Bitcoin,109293.7421875,,2025-09-06T10:33:50.653029
2025-09-07 11:23:21.583566,Gold,3642.389892578125,,2025-09-06T11:23:21.584606
2025-09-08 11:23:21.583566,Gold,3642.389892578125,,2025-09-06T11:23:21.584606
2025-09-09 11:23:21.583566,Gold,3642.389892578125,,2025-09-06T11:23:21.584606
2025-09-10 11:23:21.583566,Gold,3642.389892578125,,2025-09-06T11:23:21.584606
2025-09-11 11:23:21.583566,Gold,3642.389892578125,,2025-09-06T11:23:21.584606
2025-09-07 11:23:21.629439,Bitcoin,108552.0234375,,2025-09-06T11:23:21.630258
2025-09-08 11:23:21.629439,Bitcoin,108518.5078125,,2025-09-06T11:23:21.630258
2025-09-09 11:23:21.629439,Bitcoin,108563.59375,,2025-09-06T11:23:21.630258
2025-09-10 11:23:21.629439,Bitcoin,108518.5078125,,2025-09-06T11:23:21.630258
2025-09-11 11:23:21.629439,Bitcoin,109058.8671875,,2025-09-06T11:23:21.630258
2025-09-07 13:02:59.159505,Gold,3642.10009765625,,2025-09-06T13:02:59.160794
2025-09-08 13:02:59.159505,Gold,3642.10009765625,,2025-09-06T13:02:59.160794
2025-09-09 13:02:59.159505,Gold,3642.10009765625,,2025-09-06T13:02:59.160794
2025-09-10 13:02:59.159505,Gold,3642.10009765625,,2025-09-06T13:02:59.160794
2025-09-11 13:02:59.159505,Gold,3642.10009765625,,2025-09-06T13:02:59.160794
2025-09-07 13:02:59.206425,Bitcoin,108552.0234375,,2025-09-06T13:02:59.207491
2025-09-08 13:02:59.206425,Bitcoin,108519.0,,2025-09-06T13:02:59.207491
2025-09-09 13:02:59.206425,Bitcoin,108564.109375,,2025-09-06T13:02:59.207491
2025-09-10 13:02:59.206425,Bitcoin,108519.0,,2025-09-06T13:02:59.207491
2025-09-11 13:02:59.206425,Bitcoin,109082.59375,,2025-09-06T13:02:59.207491
2025-09-07 14:31:15.957615,Gold,3641.85009765625,,2025-09-06T14:31:15.958690
2025-09-08 14:31:15.957615,Gold,3641.85009765625,,2025-09-06T14:31:15.958690
2025-09-09 14:31:15.957615,Gold,3641.85009765625,,2025-09-06T14:31:15.958690
2025-09-10 14:31:15.957615,Gold,3641.85009765625,,2025-09-06T14:31:15.958690
2025-09-11 14:31:15.957615,Gold,3641.85009765625,,2025-09-06T14:31:15.958690
2025-09-07 14:31:16.004665,Bitcoin,108552.03125,,2025-09-06T14:31:16.005732
2025-09-08 14:31:16.004665,Bitcoin,108526.171875,,2025-09-06T14:31:16.005732
2025-09-09 14:31:16.004665,Bitcoin,108564.3828125,,2025-09-06T14:31:16.005732
2025-09-10 14:31:16.004665,Bitcoin,108527.1171875,,2025-09-06T14:31:16.005732
2025-09-11 14:31:16.004665,Bitcoin,109233.3515625,,2025-09-06T14:31:16.005732
2025-09-07 15:28:25.636858,Gold,3641.64990234375,,2025-09-06T15:28:25.637892
2025-09-08 15:28:25.636858,Gold,3641.64990234375,,2025-09-06T15:28:25.637892
2025-09-09 15:28:25.636858,Gold,3641.64990234375,,2025-09-06T15:28:25.637892
2025-09-10 15:28:25.636858,Gold,3641.64990234375,,2025-09-06T15:28:25.637892
2025-09-11 15:28:25.636858,Gold,3641.64990234375,,2025-09-06T15:28:25.637892
2025-09-07 15:28:25.683127,Bitcoin,108552.0234375,,2025-09-06T15:28:25.683935
2025-09-08 15:28:25.683127,Bitcoin,108517.65625,,2025-09-06T15:28:25.683935
2025-09-09 15:28:25.683127,Bitcoin,108563.59375,,2025-09-06T15:28:25.683935
2025-09-10 15:28:25.683127,Bitcoin,108517.65625,,2025-09-06T15:28:25.683935
2025-09-11 15:28:25.683127,Bitcoin,109111.421875,,2025-09-06T15:28:25.683935
2025-09-07 16:38:59.504996,Gold,3641.469970703125,,2025-09-06T16:38:59.506021
2025-09-08 16:38:59.504996,Gold,3641.469970703125,,2025-09-06T16:38:59.506021
2025-09-09 16:38:59.504996,Gold,3641.469970703125,,2025-09-06T16:38:59.506021
2025-09-10 16:38:59.504996,Gold,3641.469970703125,,2025-09-06T16:38:59.506021
2025-09-11 16:38:59.504996,Gold,3641.469970703125,,2025-09-06T16:38:59.506021
2025-09-07 16:38:59.551294,Bitcoin,108552.0234375,,2025-09-06T16:38:59.552100
2025-09-08 16:38:59.551294,Bitcoin,108518.1484375,,2025-09-06T16:38:59.552100
2025-09-09 16:38:59.551294,Bitcoin,108563.3203125,,2025-09-06T16:38:59.552100
2025-09-10 16:38:59.551294,Bitcoin,108518.1484375,,2025-09-06T16:38:59.552100
2025-09-11 16:38:59.551294,Bitcoin,108977.34375,,2025-09-06T16:38:59.552100
2025-09-07 17:28:31.345676,Gold,3641.330078125,,2025-09-06T17:28:31.346694
2025-09-08 17:28:31.345676,Gold,3641.330078125,,2025-09-06T17:28:31.346694
2025-09-09 17:28:31.345676,Gold,3641.330078125,,2025-09-06T17:28:31.346694
2025-09-10 17:28:31.345676,Gold,3641.330078125,,2025-09-06T17:28:31.346694
2025-09-11 17:28:31.345676,Gold,3641.330078125,,2025-09-06T17:28:31.346694
2025-09-07 17:28:31.392957,Bitcoin,108552.0625,,2025-09-06T17:28:31.393762
2025-09-08 17:28:31.392957,Bitcoin,108517.046875,,2025-09-06T17:28:31.393762
2025-09-09 17:28:31.392957,Bitcoin,108563.1015625,,2025-09-06T17:28:31.393762
2025-09-10 17:28:31.392957,Bitcoin,108517.046875,,2025-09-06T17:28:31.393762
2025-09-11 17:28:31.392957,Bitcoin,109340.7734375,,2025-09-06T17:28:31.393762
2025-09-07 18:42:21.771406,Gold,3641.199951171875,,2025-09-06T18:42:21.772505
2025-09-08 18:42:21.771406,Gold,3641.199951171875,,2025-09-06T18:42:21.772505
2025-09-09 18:42:21.771406,Gold,3641.199951171875,,2025-09-06T18:42:21.772505
2025-09-10 18:42:21.771406,Gold,3641.199951171875,,2025-09-06T18:42:21.772505
2025-09-11 18:42:21.771406,Gold,3641.199951171875,,2025-09-06T18:42:21.772505
2025-09-07 18:42:21.858569,Bitcoin,108552.0625,,2025-09-06T18:42:21.859907
2025-09-08 18:42:21.858569,Bitcoin,108525.03125,,2025-09-06T18:42:21.859907
2025-09-09 18:42:21.858569,Bitcoin,108562.953125,,2025-09-06T18:42:21.859907
2025-09-10 18:42:21.858569,Bitcoin,108527.140625,,2025-09-06T18:42:21.859907
2025-09-11 18:42:21.858569,Bitcoin,109145.171875,,2025-09-06T18:42:21.859907
2025-09-07 19:21:41.629854,Gold,3641.090087890625,,2025-09-06T19:21:41.631029
2025-09-08 19:21:41.629854,Gold,3641.090087890625,,2025-09-06T19:21:41.631029
2025-09-09 19:21:41.629854,Gold,3641.090087890625,,2025-09-06T19:21:41.631029
2025-09-10 19:21:41.629854,Gold,3641.090087890625,,2025-09-06T19:21:41.631029
2025-09-11 19:21:41.629854,Gold,3641.090087890625,,2025-09-06T19:21:41.631029
2025-09-07 19:21:41.676585,Bitcoin,108552.0234375,,2025-09-06T19:21:41.677417
2025-09-08 19:21:41.676585,Bitcoin,108516.3828125,,2025-09-06T19:21:41.677417
2025-09-09 19:21:41.676585,Bitcoin,108564.4609375,,2025-09-06T19:21:41.677417
2025-09-10 19:21:41.676585,Bitcoin,108516.3828125,,2025-09-06T19:21:41.677417
2025-09-11 19:21:41.676585,Bitcoin,109078.5703125,,2025-09-06T19:21:41.677417
2025-09-07 20:31:13.325454,Gold,3640.989990234375,,2025-09-06T20:31:13.326777
2025-09-08 20:31:13.325454,Gold,3640.989990234375,,2025-09-06T20:31:13.326777
2025-09-09 20:31:13.325454,Gold,3640.989990234375,,2025-09-06T20:31:13.326777
2025-09-10 20:31:13.325454,Gold,3640.989990234375,,2025-09-06T20:31:13.326777
2025-09-11 20:31:13.325454,Gold,3640.989990234375,,2025-09-06T20:31:13.326777
2025-09-07 20:31:13.428231,Bitcoin,108552.0234375,,2025-09-06T20:31:13.429638
2025-09-08 20:31:13.428231,Bitcoin,108516.921875,,2025-09-06T20:31:13.429638
2025-09-09 20:31:13.428231,Bitcoin,108563.640625,,2025-09-06T20:31:13.429638
2025-09-10 20:31:13.428231,Bitcoin,108517.046875,,2025-09-06T20:31:13.429638
2025-09-11 20:31:13.428231,Bitcoin,109267.078125,,2025-09-06T20:31:13.429638
2025-09-07 21:26:35.747203,Gold,3641.64990234375,,2025-09-06T21:26:35.748275
2025-09-08 21:26:35.747203,Gold,3641.64990234375,,2025-09-06T21:26:35.748275
2025-09-09 21:26:35.747203,Gold,3641.64990234375,,2025-09-06T21:26:35.748275
2025-09-10 21:26:35.747203,Gold,3641.64990234375,,2025-09-06T21:26:35.748275
2025-09-11 21:26:35.747203,Gold,3641.64990234375,,2025-09-06T21:26:35.748275
2025-09-07 21:26:35.793854,Bitcoin,108552.0390625,,2025-09-06T21:26:35.794665
2025-09-08 21:26:35.793854,Bitcoin,108522.5625,,2025-09-06T21:26:35.794665
2025-09-09 21:26:35.793854,Bitcoin,108562.140625,,2025-09-06T21:26:35.794665
2025-09-10 21:26:35.793854,Bitcoin,108523.8828125,,2025-09-06T21:26:35.794665
2025-09-11 21:26:35.793854,Bitcoin,109664.40625,,2025-09-06T21:26:35.794665
2025-09-07 22:31:58.943972,Gold,3641.530029296875,,2025-09-06T22:31:58.944972
2025-09-08 22:31:58.943972,Gold,3641.530029296875,,2025-09-06T22:31:58.944972
2025-09-09 22:31:58.943972,Gold,3641.530029296875,,2025-09-06T22:31:58.944972
2025-09-10 22:31:58.943972,Gold,3641.530029296875,,2025-09-06T22:31:58.944972
2025-09-11 22:31:58.943972,Gold,3641.530029296875,,2025-09-06T22:31:58.944972
2025-09-07 22:31:58.991343,Bitcoin,108552.0234375,,2025-09-06T22:31:58.992155
2025-09-08 22:31:58.991343,Bitcoin,108519.578125,,2025-09-06T22:31:58.992155
2025-09-09 22:31:58.991343,Bitcoin,108562.2734375,,2025-09-06T22:31:58.992155
2025-09-10 22:31:58.991343,Bitcoin,108519.578125,,2025-09-06T22:31:58.992155
2025-09-11 22:31:58.991343,Bitcoin,110513.34375,,2025-09-06T22:31:58.992155
2025-09-07 23:27:34.518585,Gold,3642.10009765625,,2025-09-06T23:27:34.519878
2025-09-08 23:27:34.518585,Gold,3642.10009765625,,2025-09-06T23:27:34.519878
2025-09-09 23:27:34.518585,Gold,3642.10009765625,,2025-09-06T23:27:34.519878
2025-09-10 23:27:34.518585,Gold,3642.10009765625,,2025-09-06T23:27:34.519878
2025-09-11 23:27:34.518585,Gold,3642.10009765625,,2025-09-06T23:27:34.519878
2025-09-07 23:27:34.566343,Bitcoin,108552.0234375,,2025-09-06T23:27:34.567494
2025-09-08 23:27:34.566343,Bitcoin,108526.28125,,2025-09-06T23:27:34.567494
2025-09-09 23:27:34.566343,Bitcoin,108563.609375,,2025-09-06T23:27:34.567494
2025-09-10 23:27:34.566343,Bitcoin,108526.28125,,2025-09-06T23:27:34.567494
2025-09-11 23:27:34.566343,Bitcoin,110925.2265625,,2025-09-06T23:27:34.567494
2025-09-08 03:14:21.715277,Gold,3652.909912109375,,2025-09-07T03:14:21.716292
2025-09-09 03:14:21.715277,Gold,3652.909912109375,,2025-09-07T03:14:21.716292
2025-09-10 03:14:21.715277,Gold,3652.909912109375,,2025-09-07T03:14:21.716292
2025-09-11 03:14:21.715277,Gold,3652.909912109375,,2025-09-07T03:14:21.716292
2025-09-12 03:14:21.715277,Gold,3652.909912109375,,2025-09-07T03:14:21.716292
2025-09-08 03:14:21.762059,Bitcoin,110602.8203125,,2025-09-07T03:14:21.762852
2025-09-09 03:14:21.762059,Bitcoin,110623.1484375,,2025-09-07T03:14:21.762852
2025-09-10 03:14:21.762059,Bitcoin,110602.8203125,,2025-09-07T03:14:21.762852
2025-09-11 03:14:21.762059,Bitcoin,110602.8203125,,2025-09-07T03:14:21.762852
2025-09-12 03:14:21.762059,Bitcoin,110602.8203125,,2025-09-07T03:14:21.762852
2025-09-08 04:38:45.013290,Gold,3652.909912109375,,2025-09-07T04:38:45.014409
2025-09-09 04:38:45.013290,Gold,3652.909912109375,,2025-09-07T04:38:45.014409
2025-09-10 04:38:45.013290,Gold,3652.909912109375,,2025-09-07T04:38:45.014409
2025-09-11 04:38:45.013290,Gold,3652.909912109375,,2025-09-07T04:38:45.014409
2025-09-12 04:38:45.013290,Gold,3652.909912109375,,2025-09-07T04:38:45.014409
2025-09-08 04:38:45.066461,Bitcoin,110567.34375,,2025-09-07T04:38:45.067435
2025-09-09 04:38:45.066461,Bitcoin,110581.9765625,,2025-09-07T04:38:45.067435
2025-09-10 04:38:45.066461,Bitcoin,110583.171875,,2025-09-07T04:38:45.067435
2025-09-11 04:38:45.066461,Bitcoin,110581.9765625,,2025-09-07T04:38:45.067435
2025-09-12 04:38:45.066461,Bitcoin,110581.9765625,,2025-09-07T04:38:45.067435
2025-09-08 05:32:54.822905,Gold,3652.909912109375,,2025-09-07T05:32:54.824331
2025-09-09 05:32:54.822905,Gold,3652.909912109375,,2025-09-07T05:32:54.824331
2025-09-10 05:32:54.822905,Gold,3652.909912109375,,2025-09-07T05:32:54.824331
2025-09-11 05:32:54.822905,Gold,3652.909912109375,,2025-09-07T05:32:54.824331
2025-09-12 05:32:54.822905,Gold,3652.909912109375,,2025-09-07T05:32:54.824331
2025-09-08 05:32:54.871929,Bitcoin,110602.8203125,,2025-09-07T05:32:54.873082
2025-09-09 05:32:54.871929,Bitcoin,110623.1484375,,2025-09-07T05:32:54.873082
2025-09-10 05:32:54.871929,Bitcoin,110602.8203125,,2025-09-07T05:32:54.873082
2025-09-11 05:32:54.871929,Bitcoin,110602.8203125,,2025-09-07T05:32:54.873082
2025-09-12 05:32:54.871929,Bitcoin,110602.8203125,,2025-09-07T05:32:54.873082
2025-09-08 06:45:33.734176,Gold,3652.909912109375,,2025-09-07T06:45:33.735270
2025-09-09 06:45:33.734176,Gold,3652.909912109375,,2025-09-07T06:45:33.735270
2025-09-10 06:45:33.734176,Gold,3652.909912109375,,2025-09-07T06:45:33.735270
2025-09-11 06:45:33.734176,Gold,3652.909912109375,,2025-09-07T06:45:33.735270
2025-09-12 06:45:33.734176,Gold,3652.909912109375,,2025-09-07T06:45:33.735270
2025-09-08 06:45:33.780924,Bitcoin,110583.59375,,2025-09-07T06:45:33.781698
2025-09-09 06:45:33.780924,Bitcoin,110601.34375,,2025-09-07T06:45:33.781698
2025-09-10 06:45:33.780924,Bitcoin,110583.59375,,2025-09-07T06:45:33.781698
2025-09-11 06:45:33.780924,Bitcoin,110601.34375,,2025-09-07T06:45:33.781698
2025-09-12 06:45:33.780924,Bitcoin,110601.34375,,2025-09-07T06:45:33.781698
2025-09-08 07:27:50.124182,Gold,3652.909912109375,,2025-09-07T07:27:50.125329
2025-09-09 07:27:50.124182,Gold,3652.909912109375,,2025-09-07T07:27:50.125329
2025-09-10 07:27:50.124182,Gold,3652.909912109375,,2025-09-07T07:27:50.125329
2025-09-11 07:27:50.124182,Gold,3652.909912109375,,2025-09-07T07:27:50.125329
2025-09-12 07:27:50.124182,Gold,3652.909912109375,,2025-09-07T07:27:50.125329
2025-09-08 07:27:50.171412,Bitcoin,110572.09375,,2025-09-07T07:27:50.172350
2025-09-09 07:27:50.171412,Bitcoin,110587.4765625,,2025-09-07T07:27:50.172350
2025-09-10 07:27:50.171412,Bitcoin,110588.09375,,2025-09-07T07:27:50.172350
2025-09-11 07:27:50.171412,Bitcoin,110587.4765625,,2025-09-07T07:27:50.172350
2025-09-12 07:27:50.171412,Bitcoin,110587.4765625,,2025-09-07T07:27:50.172350
2025-09-08 08:37:13.274385,Gold,3652.909912109375,,2025-09-07T08:37:13.275575
2025-09-09 08:37:13.274385,Gold,3652.909912109375,,2025-09-07T08:37:13.275575
2025-09-10 08:37:13.274385,Gold,3652.909912109375,,2025-09-07T08:37:13.275575
2025-09-11 08:37:13.274385,Gold,3652.909912109375,,2025-09-07T08:37:13.275575
2025-09-12 08:37:13.274385,Gold,3652.909912109375,,2025-09-07T08:37:13.275575
2025-09-08 08:37:13.321754,Bitcoin,110767.7578125,,2025-09-07T08:37:13.322645
2025-09-09 08:37:13.321754,Bitcoin,110784.546875,,2025-09-07T08:37:13.322645
2025-09-10 08:37:13.321754,Bitcoin,110767.7578125,,2025-09-07T08:37:13.322645
2025-09-11 08:37:13.321754,Bitcoin,110767.7578125,,2025-09-07T08:37:13.322645
2025-09-12 08:37:13.321754,Bitcoin,110767.7578125,,2025-09-07T08:37:13.322645
2025-09-08 09:29:28.239464,Gold,3652.909912109375,,2025-09-07T09:29:28.240797
2025-09-09 09:29:28.239464,Gold,3652.909912109375,,2025-09-07T09:29:28.240797
2025-09-10 09:29:28.239464,Gold,3652.909912109375,,2025-09-07T09:29:28.240797
2025-09-11 09:29:28.239464,Gold,3652.909912109375,,2025-09-07T09:29:28.240797
2025-09-12 09:29:28.239464,Gold,3652.909912109375,,2025-09-07T09:29:28.240797
2025-09-08 09:29:28.288592,Bitcoin,110819.359375,,2025-09-07T09:29:28.289834
2025-09-09 09:29:28.288592,Bitcoin,110835.671875,,2025-09-07T09:29:28.289834
2025-09-10 09:29:28.288592,Bitcoin,110819.359375,,2025-09-07T09:29:28.289834
2025-09-11 09:29:28.288592,Bitcoin,110819.359375,,2025-09-07T09:29:28.289834
2025-09-12 09:29:28.288592,Bitcoin,110819.359375,,2025-09-07T09:29:28.289834
2025-09-08 10:35:07.010440,Gold,3652.909912109375,,2025-09-07T10:35:07.011501
2025-09-09 10:35:07.010440,Gold,3652.909912109375,,2025-09-07T10:35:07.011501
2025-09-10 10:35:07.010440,Gold,3652.909912109375,,2025-09-07T10:35:07.011501
2025-09-11 10:35:07.010440,Gold,3652.909912109375,,2025-09-07T10:35:07.011501
2025-09-12 10:35:07.010440,Gold,3652.909912109375,,2025-09-07T10:35:07.011501
2025-09-08 10:35:07.057675,Bitcoin,110848.2421875,,2025-09-07T10:35:07.058794
2025-09-09 10:35:07.057675,Bitcoin,110866.3828125,,2025-09-07T10:35:07.058794
2025-09-10 10:35:07.057675,Bitcoin,110848.2421875,,2025-09-07T10:35:07.058794
2025-09-11 10:35:07.057675,Bitcoin,110848.2421875,,2025-09-07T10:35:07.058794
2025-09-12 10:35:07.057675,Bitcoin,110848.2421875,,2025-09-07T10:35:07.058794
2025-09-08 11:23:38.444926,Gold,3652.909912109375,,2025-09-07T11:23:38.446000
2025-09-09 11:23:38.444926,Gold,3652.909912109375,,2025-09-07T11:23:38.446000
2025-09-10 11:23:38.444926,Gold,3652.909912109375,,2025-09-07T11:23:38.446000
2025-09-11 11:23:38.444926,Gold,3652.909912109375,,2025-09-07T11:23:38.446000
2025-09-12 11:23:38.444926,Gold,3652.909912109375,,2025-09-07T11:23:38.446000
2025-09-08 11:23:38.492335,Bitcoin,110885.9765625,,2025-09-07T11:23:38.493186
2025-09-09 11:23:38.492335,Bitcoin,110904.34375,,2025-09-07T11:23:38.493186
2025-09-10 11:23:38.492335,Bitcoin,110885.9765625,,2025-09-07T11:23:38.493186
2025-09-11 11:23:38.492335,Bitcoin,110885.9765625,,2025-09-07T11:23:38.493186
2025-09-12 11:23:38.492335,Bitcoin,110885.9765625,,2025-09-07T11:23:38.493186
2025-09-08 13:04:06.341236,Gold,3652.909912109375,,2025-09-07T13:04:06.342457
2025-09-09 13:04:06.341236,Gold,3652.909912109375,,2025-09-07T13:04:06.342457
2025-09-10 13:04:06.341236,Gold,3652.909912109375,,2025-09-07T13:04:06.342457
2025-09-11 13:04:06.341236,Gold,3652.909912109375,,2025-09-07T13:04:06.342457
2025-09-12 13:04:06.341236,Gold,3652.909912109375,,2025-09-07T13:04:06.342457
2025-09-08 13:04:06.420061,Bitcoin,110906.3984375,,2025-09-07T13:04:06.421157
2025-09-09 13:04:06.420061,Bitcoin,110924.34375,,2025-09-07T13:04:06.421157
2025-09-10 13:04:06.420061,Bitcoin,110906.3984375,,2025-09-07T13:04:06.421157
2025-09-11 13:04:06.420061,Bitcoin,110906.3984375,,2025-09-07T13:04:06.421157
2025-09-12 13:04:06.420061,Bitcoin,110906.3984375,,2025-09-07T13:04:06.421157
2025-09-08 14:30:56.883211,Gold,3652.909912109375,,2025-09-07T14:30:56.884430
2025-09-09 14:30:56.883211,Gold,3652.909912109375,,2025-09-07T14:30:56.884430
2025-09-10 14:30:56.883211,Gold,3652.909912109375,,2025-09-07T14:30:56.884430
2025-09-11 14:30:56.883211,Gold,3652.909912109375,,2025-09-07T14:30:56.884430
2025-09-12 14:30:56.883211,Gold,3652.909912109375,,2025-09-07T14:30:56.884430
2025-09-08 14:30:56.931072,Bitcoin,110926.703125,,2025-09-07T14:30:56.931958
2025-09-09 14:30:56.931072,Bitcoin,110941.96875,,2025-09-07T14:30:56.931958
2025-09-10 14:30:56.931072,Bitcoin,110926.703125,,2025-09-07T14:30:56.931958
2025-09-11 14:30:56.931072,Bitcoin,110926.703125,,2025-09-07T14:30:56.931958
2025-09-12 14:30:56.931072,Bitcoin,110926.703125,,2025-09-07T14:30:56.931958
2025-09-08 15:29:23.977110,Gold,3652.909912109375,,2025-09-07T15:29:23.978501
2025-09-09 15:29:23.977110,Gold,3652.909912109375,,2025-09-07T15:29:23.978501
2025-09-10 15:29:23.977110,Gold,3652.909912109375,,2025-09-07T15:29:23.978501
2025-09-11 15:29:23.977110,Gold,3652.909912109375,,2025-09-07T15:29:23.978501
2025-09-12 15:29:23.977110,Gold,3652.909912109375,,2025-09-07T15:29:23.978501
2025-09-08 15:29:24.026238,Bitcoin,110955.90625,,2025-09-07T15:29:24.027543
2025-09-09 15:29:24.026238,Bitcoin,110969.40625,,2025-09-07T15:29:24.027543
2025-09-10 15:29:24.026238,Bitcoin,110955.90625,,2025-09-07T15:29:24.027543
2025-09-11 15:29:24.026238,Bitcoin,110955.90625,,2025-09-07T15:29:24.027543
2025-09-12 15:29:24.026238,Bitcoin,110955.90625,,2025-09-07T15:29:24.027543
2025-09-08 16:39:00.423578,Gold,3652.909912109375,,2025-09-07T16:39:00.424670
2025-09-09 16:39:00.423578,Gold,3652.909912109375,,2025-09-07T16:39:00.424670
2025-09-10 16:39:00.423578,Gold,3652.909912109375,,2025-09-07T16:39:00.424670
2025-09-11 16:39:00.423578,Gold,3652.909912109375,,2025-09-07T16:39:00.424670
2025-09-12 16:39:00.423578,Gold,3652.909912109375,,2025-09-07T16:39:00.424670
2025-09-08 16:39:00.470796,Bitcoin,110967.7734375,,2025-09-07T16:39:00.471649
2025-09-09 16:39:00.470796,Bitcoin,110984.34375,,2025-09-07T16:39:00.471649
2025-09-10 16:39:00.470796,Bitcoin,110967.7734375,,2025-09-07T16:39:00.471649
2025-09-11 16:39:00.470796,Bitcoin,110967.7734375,,2025-09-07T16:39:00.471649
2025-09-12 16:39:00.470796,Bitcoin,110967.7734375,,2025-09-07T16:39:00.471649
2025-09-08 17:28:43.369695,Gold,3652.909912109375,,2025-09-07T17:28:43.370759
2025-09-09 17:28:43.369695,Gold,3652.909912109375,,2025-09-07T17:28:43.370759
2025-09-10 17:28:43.369695,Gold,3652.909912109375,,2025-09-07T17:28:43.370759
2025-09-11 17:28:43.369695,Gold,3652.909912109375,,2025-09-07T17:28:43.370759
2025-09-12 17:28:43.369695,Gold,3652.909912109375,,2025-09-07T17:28:43.370759
2025-09-08 17:28:43.417567,Bitcoin,110969.5078125,,2025-09-07T17:28:43.418425
2025-09-09 17:28:43.417567,Bitcoin,110986.640625,,2025-09-07T17:28:43.418425
2025-09-10 17:28:43.417567,Bitcoin,110969.5078125,,2025-09-07T17:28:43.418425
2025-09-11 17:28:43.417567,Bitcoin,110969.5078125,,2025-09-07T17:28:43.418425
2025-09-12 17:28:43.417567,Bitcoin,110969.5078125,,2025-09-07T17:28:43.418425
2025-09-08 18:42:29.808179,Gold,3652.909912109375,,2025-09-07T18:42:29.809227
2025-09-09 18:42:29.808179,Gold,3652.909912109375,,2025-09-07T18:42:29.809227
2025-09-10 18:42:29.808179,Gold,3652.909912109375,,2025-09-07T18:42:29.809227
2025-09-11 18:42:29.808179,Gold,3652.909912109375,,2025-09-07T18:42:29.809227
2025-09-12 18:42:29.808179,Gold,3652.909912109375,,2025-09-07T18:42:29.809227
2025-09-08 18:42:29.862180,Bitcoin,110965.3515625,,2025-09-07T18:42:29.863065
2025-09-09 18:42:29.862180,Bitcoin,110981.203125,,2025-09-07T18:42:29.863065
2025-09-10 18:42:29.862180,Bitcoin,110965.3515625,,2025-09-07T18:42:29.863065
2025-09-11 18:42:29.862180,Bitcoin,110965.3515625,,2025-09-07T18:42:29.863065
2025-09-12 18:42:29.862180,Bitcoin,110965.3515625,,2025-09-07T18:42:29.863065
2025-09-08 19:22:41.360483,Gold,3652.909912109375,,2025-09-07T19:22:41.361894
2025-09-09 19:22:41.360483,Gold,3652.909912109375,,2025-09-07T19:22:41.361894
2025-09-10 19:22:41.360483,Gold,3652.909912109375,,2025-09-07T19:22:41.361894
2025-09-11 19:22:41.360483,Gold,3652.909912109375,,2025-09-07T19:22:41.361894
2025-09-12 19:22:41.360483,Gold,3652.909912109375,,2025-09-07T19:22:41.361894
2025-09-08 19:22:41.409187,Bitcoin,110971.15625,,2025-09-07T19:22:41.410308
2025-09-09 19:22:41.409187,Bitcoin,110988.453125,,2025-09-07T19:22:41.410308
2025-09-10 19:22:41.409187,Bitcoin,110971.15625,,2025-09-07T19:22:41.410308
2025-09-11 19:22:41.409187,Bitcoin,110971.15625,,2025-09-07T19:22:41.410308
2025-09-12 19:22:41.409187,Bitcoin,110971.15625,,2025-09-07T19:22:41.410308
2025-09-08 20:32:22.137344,Gold,3652.909912109375,,2025-09-07T20:32:22.138625
2025-09-09 20:32:22.137344,Gold,3652.909912109375,,2025-09-07T20:32:22.138625
2025-09-10 20:32:22.137344,Gold,3652.909912109375,,2025-09-07T20:32:22.138625
2025-09-11 20:32:22.137344,Gold,3652.909912109375,,2025-09-07T20:32:22.138625
2025-09-12 20:32:22.137344,Gold,3652.909912109375,,2025-09-07T20:32:22.138625
2025-09-08 20:32:22.186823,Bitcoin,110986.796875,,2025-09-07T20:32:22.187986
2025-09-09 20:32:22.186823,Bitcoin,111000.4765625,,2025-09-07T20:32:22.187986
2025-09-10 20:32:22.186823,Bitcoin,110986.796875,,2025-09-07T20:32:22.187986
2025-09-11 20:32:22.186823,Bitcoin,110986.796875,,2025-09-07T20:32:22.187986
2025-09-12 20:32:22.186823,Bitcoin,110986.796875,,2025-09-07T20:32:22.187986
2025-09-08 21:27:08.828042,Gold,3652.909912109375,,2025-09-07T21:27:08.829191
2025-09-09 21:27:08.828042,Gold,3652.909912109375,,2025-09-07T21:27:08.829191
2025-09-10 21:27:08.828042,Gold,3652.909912109375,,2025-09-07T21:27:08.829191
2025-09-11 21:27:08.828042,Gold,3652.909912109375,,2025-09-07T21:27:08.829191
2025-09-12 21:27:08.828042,Gold,3652.909912109375,,2025-09-07T21:27:08.829191
2025-09-08 21:27:08.875595,Bitcoin,110994.9765625,,2025-09-07T21:27:08.876441
2025-09-09 21:27:08.875595,Bitcoin,111010.40625,,2025-09-07T21:27:08.876441
2025-09-10 21:27:08.875595,Bitcoin,110994.9765625,,2025-09-07T21:27:08.876441
2025-09-11 21:27:08.875595,Bitcoin,110994.9765625,,2025-09-07T21:27:08.876441
2025-09-12 21:27:08.875595,Bitcoin,110994.9765625,,2025-09-07T21:27:08.876441
2025-09-08 22:33:02.508362,Gold,3643.429931640625,,2025-09-07T22:33:02.509389
2025-09-09 22:33:02.508362,Gold,3643.429931640625,,2025-09-07T22:33:02.509389
2025-09-10 22:33:02.508362,Gold,3643.429931640625,,2025-09-07T22:33:02.509389
2025-09-11 22:33:02.508362,Gold,3643.429931640625,,2025-09-07T22:33:02.509389
2025-09-12 22:33:02.508362,Gold,3643.429931640625,,2025-09-07T22:33:02.509389
2025-09-08 22:33:02.562209,Bitcoin,111013.140625,,2025-09-07T22:33:02.563019
2025-09-09 22:33:02.562209,Bitcoin,111025.4765625,,2025-09-07T22:33:02.563019
2025-09-10 22:33:02.562209,Bitcoin,111013.140625,,2025-09-07T22:33:02.563019
2025-09-11 22:33:02.562209,Bitcoin,111013.140625,,2025-09-07T22:33:02.563019
2025-09-12 22:33:02.562209,Bitcoin,111013.140625,,2025-09-07T22:33:02.563019
2025-09-08 23:27:47.002083,Gold,3641.510009765625,,2025-09-07T23:27:47.003200
2025-09-09 23:27:47.002083,Gold,3641.510009765625,,2025-09-07T23:27:47.003200
2025-09-10 23:27:47.002083,Gold,3641.510009765625,,2025-09-07T23:27:47.003200
2025-09-11 23:27:47.002083,Gold,3641.510009765625,,2025-09-07T23:27:47.003200
2025-09-12 23:27:47.002083,Gold,3641.510009765625,,2025-09-07T23:27:47.003200
2025-09-08 23:27:47.052999,Bitcoin,111036.2578125,,2025-09-07T23:27:47.053895
2025-09-09 23:27:47.052999,Bitcoin,111047.84375,,2025-09-07T23:27:47.053895
2025-09-10 23:27:47.052999,Bitcoin,111036.2578125,,2025-09-07T23:27:47.053895
2025-09-11 23:27:47.052999,Bitcoin,111036.2578125,,2025-09-07T23:27:47.053895
2025-09-12 23:27:47.052999,Bitcoin,111036.2578125,,2025-09-07T23:27:47.053895
2025-09-09 03:17:56.239042,Gold,3638.89990234375,,2025-09-08T03:17:56.240320
2025-09-10 03:17:56.239042,Gold,3631.679931640625,,2025-09-08T03:17:56.240320
2025-09-11 03:17:56.239042,Gold,3631.679931640625,,2025-09-08T03:17:56.240320
2025-09-12 03:17:56.239042,Gold,3631.679931640625,,2025-09-08T03:17:56.240320
2025-09-13 03:17:56.239042,Gold,3631.679931640625,,2025-09-08T03:17:56.240320
2025-09-09 03:17:56.288414,Bitcoin,111036.75,,2025-09-08T03:17:56.289434
2025-09-10 03:17:56.288414,Bitcoin,111209.546875,,2025-09-08T03:17:56.289434
2025-09-11 03:17:56.288414,Bitcoin,111036.75,,2025-09-08T03:17:56.289434
2025-09-12 03:17:56.288414,Bitcoin,111048.6171875,,2025-09-08T03:17:56.289434
2025-09-13 03:17:56.288414,Bitcoin,111048.6171875,,2025-09-08T03:17:56.289434
2025-09-09 04:42:58.321109,Gold,3638.89990234375,,2025-09-08T04:42:58.322660
2025-09-10 04:42:58.321109,Gold,3628.1298828125,,2025-09-08T04:42:58.322660
2025-09-11 04:42:58.321109,Gold,3628.1298828125,,2025-09-08T04:42:58.322660
2025-09-12 04:42:58.321109,Gold,3628.1298828125,,2025-09-08T04:42:58.322660
2025-09-13 04:42:58.321109,Gold,3628.1298828125,,2025-09-08T04:42:58.322660
2025-09-09 04:42:58.373254,Bitcoin,111040.296875,,2025-09-08T04:42:58.374528
2025-09-10 04:42:58.373254,Bitcoin,111112.0390625,,2025-09-08T04:42:58.374528
2025-09-11 04:42:58.373254,Bitcoin,111040.40625,,2025-09-08T04:42:58.374528
2025-09-12 04:42:58.373254,Bitcoin,111048.6484375,,2025-09-08T04:42:58.374528
2025-09-13 04:42:58.373254,Bitcoin,111048.6484375,,2025-09-08T04:42:58.374528
2025-09-09 05:38:13.631483,Gold,3638.89990234375,,2025-09-08T05:38:13.632842
2025-09-10 05:38:13.631483,Gold,3626.7099609375,,2025-09-08T05:38:13.632842
2025-09-11 05:38:13.631483,Gold,3626.7099609375,,2025-09-08T05:38:13.632842
2025-09-12 05:38:13.631483,Gold,3626.7099609375,,2025-09-08T05:38:13.632842
2025-09-13 05:38:13.631483,Gold,3626.7099609375,,2025-09-08T05:38:13.632842
2025-09-09 05:38:13.681898,Bitcoin,111027.953125,,2025-09-08T05:38:13.683094
2025-09-10 05:38:13.681898,Bitcoin,111052.90625,,2025-09-08T05:38:13.683094
2025-09-11 05:38:13.681898,Bitcoin,111027.953125,,2025-09-08T05:38:13.683094
2025-09-12 05:38:13.681898,Bitcoin,111048.640625,,2025-09-08T05:38:13.683094
2025-09-13 05:38:13.681898,Bitcoin,111048.640625,,2025-09-08T05:38:13.683094
2025-09-09 06:50:06.484119,Gold,3638.89990234375,,2025-09-08T06:50:06.485360
2025-09-10 06:50:06.484119,Gold,3628.72998046875,,2025-09-08T06:50:06.485360
2025-09-11 06:50:06.484119,Gold,3628.72998046875,,2025-09-08T06:50:06.485360
2025-09-12 06:50:06.484119,Gold,3628.72998046875,,2025-09-08T06:50:06.485360
2025-09-13 06:50:06.484119,Gold,3628.72998046875,,2025-09-08T06:50:06.485360
2025-09-09 06:50:06.533414,Bitcoin,111037.4375,,2025-09-08T06:50:06.534378
2025-09-10 06:50:06.533414,Bitcoin,111071.59375,,2025-09-08T06:50:06.534378
2025-09-11 06:50:06.533414,Bitcoin,111037.4375,,2025-09-08T06:50:06.534378
2025-09-12 06:50:06.533414,Bitcoin,111048.5703125,,2025-09-08T06:50:06.534378
2025-09-13 06:50:06.533414,Bitcoin,111048.5703125,,2025-09-08T06:50:06.534378
2025-09-09 06:51:48.225334,Gold,3638.89990234375,,2025-09-08T06:51:48.226436
2025-09-10 06:51:48.225334,Gold,3629.820068359375,,2025-09-08T06:51:48.226436
2025-09-11 06:51:48.225334,Gold,3629.820068359375,,2025-09-08T06:51:48.226436
2025-09-12 06:51:48.225334,Gold,3629.820068359375,,2025-09-08T06:51:48.226436
2025-09-13 06:51:48.225334,Gold,3629.820068359375,,2025-09-08T06:51:48.226436
2025-09-09 06:51:48.273902,Bitcoin,111037.7734375,,2025-09-08T06:51:48.275048
2025-09-10 06:51:48.273902,Bitcoin,111085.578125,,2025-09-08T06:51:48.275048
2025-09-11 06:51:48.273902,Bitcoin,111037.7734375,,2025-09-08T06:51:48.275048
2025-09-12 06:51:48.273902,Bitcoin,111048.5625,,2025-09-08T06:51:48.275048
2025-09-13 06:51:48.273902,Bitcoin,111048.5625,,2025-09-08T06:51:48.275048
2025-09-09 06:53:43.897083,Gold,3638.89990234375,,2025-09-08T06:53:43.898099
2025-09-10 06:53:43.897083,Gold,3630.929931640625,,2025-09-08T06:53:43.898099
2025-09-11 06:53:43.897083,Gold,3630.929931640625,,2025-09-08T06:53:43.898099
2025-09-12 06:53:43.897083,Gold,3630.929931640625,,2025-09-08T06:53:43.898099
2025-09-13 06:53:43.897083,Gold,3630.929931640625,,2025-09-08T06:53:43.898099
2025-09-09 06:53:43.945595,Bitcoin,111036.2109375,,2025-09-08T06:53:43.946380
2025-09-10 06:53:43.945595,Bitcoin,111092.2734375,,2025-09-08T06:53:43.946380
2025-09-11 06:53:43.945595,Bitcoin,111036.2109375,,2025-09-08T06:53:43.946380
2025-09-12 06:53:43.945595,Bitcoin,111048.5625,,2025-09-08T06:53:43.946380
2025-09-13 06:53:43.945595,Bitcoin,111048.5625,,2025-09-08T06:53:43.946380
2025-09-09 06:56:26.023010,Gold,3638.89990234375,,2025-09-08T06:56:26.024343
2025-09-10 06:56:26.023010,Gold,3631.739990234375,,2025-09-08T06:56:26.024343
2025-09-11 06:56:26.023010,Gold,3631.739990234375,,2025-09-08T06:56:26.024343
2025-09-12 06:56:26.023010,Gold,3631.739990234375,,2025-09-08T06:56:26.024343
2025-09-13 06:56:26.023010,Gold,3631.739990234375,,2025-09-08T06:56:26.024343
2025-09-09 06:56:26.074599,Bitcoin,111036.203125,,2025-09-08T06:56:26.075827
2025-09-10 06:56:26.074599,Bitcoin,111093.578125,,2025-09-08T06:56:26.075827
2025-09-11 06:56:26.074599,Bitcoin,111036.203125,,2025-09-08T06:56:26.075827
2025-09-12 06:56:26.074599,Bitcoin,111048.59375,,2025-09-08T06:56:26.075827
2025-09-13 06:56:26.074599,Bitcoin,111048.59375,,2025-09-08T06:56:26.075827
2025-09-09 07:32:31.752712,Gold,3638.89990234375,,2025-09-08T07:32:31.753721
2025-09-10 07:32:31.752712,Gold,3634.0,,2025-09-08T07:32:31.753721
2025-09-11 07:32:31.752712,Gold,3634.0,,2025-09-08T07:32:31.753721
2025-09-12 07:32:31.752712,Gold,3634.0,,2025-09-08T07:32:31.753721
2025-09-13 07:32:31.752712,Gold,3634.0,,2025-09-08T07:32:31.753721
2025-09-09 07:32:31.800919,Bitcoin,111039.8125,,2025-09-08T07:32:31.801724
2025-09-10 07:32:31.800919,Bitcoin,111144.6015625,,2025-09-08T07:32:31.801724
2025-09-11 07:32:31.800919,Bitcoin,111039.8125,,2025-09-08T07:32:31.801724
2025-09-12 07:32:31.800919,Bitcoin,111048.5625,,2025-09-08T07:32:31.801724
2025-09-13 07:32:31.800919,Bitcoin,111048.5625,,2025-09-08T07:32:31.801724
2025-09-09 08:51:19.160275,Gold,3638.89990234375,,2025-09-08T08:51:19.161669
2025-09-10 08:51:19.160275,Gold,3636.219970703125,,2025-09-08T08:51:19.161669
2025-09-11 08:51:19.160275,Gold,3636.219970703125,,2025-09-08T08:51:19.161669
2025-09-12 08:51:19.160275,Gold,3636.219970703125,,2025-09-08T08:51:19.161669
2025-09-13 08:51:19.160275,Gold,3636.219970703125,,2025-09-08T08:51:19.161669
2025-09-09 08:51:19.212707,Bitcoin,111037.4375,,2025-09-08T08:51:19.213931
2025-09-10 08:51:19.212707,Bitcoin,111215.2265625,,2025-09-08T08:51:19.213931
2025-09-11 08:51:19.212707,Bitcoin,111037.4375,,2025-09-08T08:51:19.213931
2025-09-12 08:51:19.212707,Bitcoin,111048.59375,,2025-09-08T08:51:19.213931
2025-09-13 08:51:19.212707,Bitcoin,111048.59375,,2025-09-08T08:51:19.213931
2025-09-09 09:35:22.931896,Gold,3638.89990234375,,2025-09-08T09:35:22.932941
2025-09-10 09:35:22.931896,Gold,3637.860107421875,,2025-09-08T09:35:22.932941
2025-09-11 09:35:22.931896,Gold,3637.860107421875,,2025-09-08T09:35:22.932941
2025-09-12 09:35:22.931896,Gold,3637.860107421875,,2025-09-08T09:35:22.932941
2025-09-13 09:35:22.931896,Gold,3637.860107421875,,2025-09-08T09:35:22.932941
2025-09-09 09:35:22.981009,Bitcoin,111032.90625,,2025-09-08T09:35:22.981926
2025-09-10 09:35:22.981009,Bitcoin,111274.3828125,,2025-09-08T09:35:22.981926
2025-09-11 09:35:22.981009,Bitcoin,111032.90625,,2025-09-08T09:35:22.981926
2025-09-12 09:35:22.981009,Bitcoin,111048.6875,,2025-09-08T09:35:22.981926
2025-09-13 09:35:22.981009,Bitcoin,111048.6875,,2025-09-08T09:35:22.981926
2025-09-09 09:40:31.220872,Gold,3638.989990234375,,2025-09-08T09:40:31.222327
2025-09-10 09:40:31.220872,Gold,3638.989990234375,,2025-09-08T09:40:31.222327
2025-09-11 09:40:31.220872,Gold,3638.989990234375,,2025-09-08T09:40:31.222327
2025-09-12 09:40:31.220872,Gold,3638.989990234375,,2025-09-08T09:40:31.222327
2025-09-13 09:40:31.220872,Gold,3638.989990234375,,2025-09-08T09:40:31.222327
2025-09-09 09:40:31.271348,Bitcoin,111034.0,,2025-09-08T09:40:31.272549
2025-09-10 09:40:31.271348,Bitcoin,111320.921875,,2025-09-08T09:40:31.272549
2025-09-11 09:40:31.271348,Bitcoin,111034.0,,2025-09-08T09:40:31.272549
2025-09-12 09:40:31.271348,Bitcoin,111048.671875,,2025-09-08T09:40:31.272549
2025-09-13 09:40:31.271348,Bitcoin,111048.671875,,2025-09-08T09:40:31.272549
2025-09-09 10:42:55.466157,Gold,3640.52001953125,,2025-09-08T10:42:55.467175
2025-09-10 10:42:55.466157,Gold,3640.52001953125,,2025-09-08T10:42:55.467175
2025-09-11 10:42:55.466157,Gold,3640.52001953125,,2025-09-08T10:42:55.467175
2025-09-12 10:42:55.466157,Gold,3640.52001953125,,2025-09-08T10:42:55.467175
2025-09-13 10:42:55.466157,Gold,3640.52001953125,,2025-09-08T10:42:55.467175
2025-09-09 10:42:55.515467,Bitcoin,111033.34375,,2025-09-08T10:42:55.516288
2025-09-10 10:42:55.515467,Bitcoin,111384.8203125,,2025-09-08T10:42:55.516288
2025-09-11 10:42:55.515467,Bitcoin,111033.34375,,2025-09-08T10:42:55.516288
2025-09-12 10:42:55.515467,Bitcoin,111048.65625,,2025-09-08T10:42:55.516288
2025-09-13 10:42:55.515467,Bitcoin,111048.65625,,2025-09-08T10:42:55.516288
2025-09-09 11:28:04.125852,Gold,3641.699951171875,,2025-09-08T11:28:04.127081
2025-09-10 11:28:04.125852,Gold,3641.699951171875,,2025-09-08T11:28:04.127081
2025-09-11 11:28:04.125852,Gold,3641.699951171875,,2025-09-08T11:28:04.127081
2025-09-12 11:28:04.125852,Gold,3641.699951171875,,2025-09-08T11:28:04.127081
2025-09-13 11:28:04.125852,Gold,3641.699951171875,,2025-09-08T11:28:04.127081
2025-09-09 11:28:04.176223,Bitcoin,111037.46875,,2025-09-08T11:28:04.177210
2025-09-10 11:28:04.176223,Bitcoin,111423.3984375,,2025-09-08T11:28:04.177210
2025-09-11 11:28:04.176223,Bitcoin,111037.46875,,2025-09-08T11:28:04.177210
2025-09-12 11:28:04.176223,Bitcoin,111048.640625,,2025-09-08T11:28:04.177210
2025-09-13 11:28:04.176223,Bitcoin,111048.640625,,2025-09-08T11:28:04.177210
2025-09-09 13:40:01.874828,Gold,3642.489990234375,,2025-09-08T13:40:01.876108
2025-09-10 13:40:01.874828,Gold,3643.110107421875,,2025-09-08T13:40:01.876108
2025-09-11 13:40:01.874828,Gold,3643.110107421875,,2025-09-08T13:40:01.876108
2025-09-12 13:40:01.874828,Gold,3643.110107421875,,2025-09-08T13:40:01.876108
2025-09-13 13:40:01.874828,Gold,3643.110107421875,,2025-09-08T13:40:01.876108
2025-09-09 13:40:01.926067,Bitcoin,111033.5234375,,2025-09-08T13:40:01.927185
2025-09-10 13:40:01.926067,Bitcoin,111482.5078125,,2025-09-08T13:40:01.927185
2025-09-11 13:40:01.926067,Bitcoin,111033.5234375,,2025-09-08T13:40:01.927185
2025-09-12 13:40:01.926067,Bitcoin,111048.703125,,2025-09-08T13:40:01.927185
2025-09-13 13:40:01.926067,Bitcoin,111053.296875,,2025-09-08T13:40:01.927185
2025-09-09 14:11:36.732231,Gold,3643.110107421875,,2025-09-08T14:11:36.733276
2025-09-10 14:11:36.732231,Gold,3645.080078125,,2025-09-08T14:11:36.733276
2025-09-11 14:11:36.732231,Gold,3645.080078125,,2025-09-08T14:11:36.733276
2025-09-12 14:11:36.732231,Gold,3645.080078125,,2025-09-08T14:11:36.733276
2025-09-13 14:11:36.732231,Gold,3645.080078125,,2025-09-08T14:11:36.733276
2025-09-09 14:11:36.781078,Bitcoin,111034.71875,,2025-09-08T14:11:36.781885
2025-09-10 14:11:36.781078,Bitcoin,111526.84375,,2025-09-08T14:11:36.781885
2025-09-11 14:11:36.781078,Bitcoin,111034.71875,,2025-09-08T14:11:36.781885
2025-09-12 14:11:36.781078,Bitcoin,111048.71875,,2025-09-08T14:11:36.781885
2025-09-13 14:11:36.781078,Bitcoin,111052.1875,,2025-09-08T14:11:36.781885
2025-09-09 14:44:16.518515,Gold,3643.260009765625,,2025-09-08T14:44:16.519560
2025-09-10 14:44:16.518515,Gold,3646.550048828125,,2025-09-08T14:44:16.519560
2025-09-11 14:44:16.518515,Gold,3646.550048828125,,2025-09-08T14:44:16.519560
2025-09-12 14:44:16.518515,Gold,3646.550048828125,,2025-09-08T14:44:16.519560
2025-09-13 14:44:16.518515,Gold,3646.550048828125,,2025-09-08T14:44:16.519560
2025-09-09 14:44:16.568189,Bitcoin,111033.390625,,2025-09-08T14:44:16.569292
2025-09-10 14:44:16.568189,Bitcoin,111596.4296875,,2025-09-08T14:44:16.569292
2025-09-11 14:44:16.568189,Bitcoin,111075.609375,,2025-09-08T14:44:16.569292
2025-09-12 14:44:16.568189,Bitcoin,111093.2265625,,2025-09-08T14:44:16.569292
2025-09-13 14:44:16.568189,Bitcoin,111103.5703125,,2025-09-08T14:44:16.569292
2025-09-09 15:38:01.648072,Gold,3643.14990234375,,2025-09-08T15:38:01.649088
2025-09-10 15:38:01.648072,Gold,3648.300048828125,,2025-09-08T15:38:01.649088
2025-09-11 15:38:01.648072,Gold,3648.300048828125,,2025-09-08T15:38:01.649088
2025-09-12 15:38:01.648072,Gold,3648.300048828125,,2025-09-08T15:38:01.649088
2025-09-13 15:38:01.648072,Gold,3648.300048828125,,2025-09-08T15:38:01.649088
2025-09-09 15:38:01.697227,Bitcoin,111034.5078125,,2025-09-08T15:38:01.698048
2025-09-10 15:38:01.697227,Bitcoin,111661.7265625,,2025-09-08T15:38:01.698048
2025-09-11 15:38:01.697227,Bitcoin,111144.9609375,,2025-09-08T15:38:01.698048
2025-09-12 15:38:01.697227,Bitcoin,111160.2890625,,2025-09-08T15:38:01.698048
2025-09-13 15:38:01.697227,Bitcoin,111170.6875,,2025-09-08T15:38:01.698048
2025-09-09 16:07:47.969888,Gold,3643.780029296875,,2025-09-08T16:07:47.971217
2025-09-10 16:07:47.969888,Gold,3650.02001953125,,2025-09-08T16:07:47.971217
2025-09-11 16:07:47.969888,Gold,3650.02001953125,,2025-09-08T16:07:47.971217
2025-09-12 16:07:47.969888,Gold,3650.02001953125,,2025-09-08T16:07:47.971217
2025-09-13 16:07:47.969888,Gold,3650.02001953125,,2025-09-08T16:07:47.971217
2025-09-09 16:07:48.020819,Bitcoin,111038.0234375,,2025-09-08T16:07:48.021693
2025-09-10 16:07:48.020819,Bitcoin,111705.7890625,,2025-09-08T16:07:48.021693
2025-09-11 16:07:48.020819,Bitcoin,111200.359375,,2025-09-08T16:07:48.021693
2025-09-12 16:07:48.020819,Bitcoin,111211.40625,,2025-09-08T16:07:48.021693
2025-09-13 16:07:48.020819,Bitcoin,111220.65625,,2025-09-08T16:07:48.021693
2025-09-09 00:00:00,Gold,3645.179931640625,,2025-09-08T23:30:26.784060
2025-09-09 00:00:00,Bitcoin,111048.2109375,,2025-09-08T23:30:26.832885
2025-09-10 00:00:00,Gold,3678.469970703125,,2025-09-09T23:27:34.535406
2025-09-10 00:00:00,Bitcoin,111414.2265625,,2025-09-09T23:27:34.583907
2025-09-11 00:00:00,Gold,3685.25,,2025-09-10T23:28:32.252366
2025-09-11 00:00:00,Bitcoin,111933.40625,,2025-09-10T23:28:32.301236
2025-09-12 00:00:00,Gold,3683.5,,2025-09-11T23:29:08.239144
2025-09-12 00:00:00,Bitcoin,113360.3515625,,2025-09-11T23:29:08.288456
2025-09-13 00:00:00,Gold,3668.110107421875,,2025-09-12T23:26:48.243193
2025-09-13 00:00:00,Bitcoin,114576.0234375,,2025-09-12T23:26:48.293617
2025-09-14 00:00:00,Gold,3668.949951171875,,2025-09-13T23:26:09.029452
2025-09-14 00:00:00,Bitcoin,115853.9765625,,2025-09-13T23:26:09.079802
2025-09-15 00:00:00,Gold,3686.280029296875,,2025-09-14T23:27:05.617051
2025-09-15 00:00:00,Bitcoin,115738.578125,,2025-09-14T23:27:05.667463
2025-09-16 00:00:00,Gold,3683.429931640625,,2025-09-15T23:27:20.715397
2025-09-16 00:00:00,Bitcoin,115319.25,,2025-09-15T23:27:20.767841
2025-09-17 00:00:00,Gold,3675.909912109375,,2025-09-16T23:27:06.547167
2025-09-17 00:00:00,Bitcoin,115774.5625,,2025-09-16T23:27:06.605017
2025-09-18 00:00:00,Gold,3719.989990234375,,2025-09-17T23:27:57.819009
2025-09-18 00:00:00,Bitcoin,115727.6328125,,2025-09-17T23:27:57.873711
2025-09-19 00:00:00,Gold,3705.27001953125,,2025-09-18T23:28:18.859210
2025-09-19 00:00:00,Bitcoin,115857.53125,,2025-09-18T23:28:18.910460
2025-09-20 00:00:00,Gold,3709.27001953125,,2025-09-19T23:27:50.927597
2025-09-20 00:00:00,Bitcoin,115557.9296875,,2025-09-19T23:27:50.980069
2025-09-21 00:00:00,Gold,3709.860107421875,,2025-09-20T23:13:28.909660
2025-09-21 00:00:00,Bitcoin,117353.859375,,2025-09-20T23:13:28.964731
2025-09-22 00:00:00,Gold,3702.81005859375,,2025-09-21T23:13:33.236137
2025-09-22 00:00:00,Bitcoin,115731.609375,,2025-09-21T23:13:33.289737
2025-09-23 00:00:00,Gold,3713.159912109375,,2025-09-22T23:14:10.404250
2025-09-23 00:00:00,Bitcoin,113543.7734375,,2025-09-22T23:14:10.459964
2025-09-24 00:00:00,Gold,3792.199951171875,,2025-09-23T23:13:24.140402
2025-09-24 00:00:00,Bitcoin,112917.5625,,2025-09-23T23:13:24.196187
2025-09-25 00:00:00,Gold,3787.8701171875,,2025-09-24T23:13:55.185025
2025-09-25 00:00:00,Bitcoin,115168.3125,,2025-09-24T23:13:55.239859
2025-09-26 00:00:00,Gold,3774.780029296875,,2025-09-25T23:13:50.334794
2025-09-26 00:00:00,Bitcoin,111341.1171875,,2025-09-25T23:13:50.390034
2025-09-27 00:00:00,Gold,3787.43994140625,,2025-09-26T23:13:46.666322
2025-09-27 00:00:00,Bitcoin,110151.0234375,,2025-09-26T23:13:46.722488
2025-09-28 00:00:00,Gold,3795.780029296875,,2025-09-27T23:13:38.822557
2025-09-28 00:00:00,Bitcoin,109166.2421875,,2025-09-27T23:13:38.879571
2025-09-29 00:00:00,Gold,3785.800048828125,,2025-09-28T23:13:37.096606
2025-09-29 00:00:00,Bitcoin,109780.8515625,,2025-09-28T23:13:37.153784
2025-09-30 00:00:00,Gold,3834.860107421875,,2025-09-29T23:13:56.945133
2025-09-30 00:00:00,Bitcoin,112849.4765625,,2025-09-29T23:13:57.006043
2025-10-01 00:00:00,Gold,3862.429931640625,,2025-09-30T23:13:44.255526
2025-10-01 00:00:00,Bitcoin,114103.90625,,2025-09-30T23:13:44.337742
2025-10-02 00:00:00,Gold,3895.93994140625,,2025-10-01T23:13:33.565317
2025-10-02 00:00:00,Bitcoin,116077.34375,,2025-10-01T23:13:33.621491
2025-10-03 00:00:00,Gold,3886.25,,2025-10-02T23:13:26.993851
2025-10-03 00:00:00,Bitcoin,116972.609375,,2025-10-02T23:13:27.052400
2025-10-04 00:00:00,Gold,3887.02001953125,,2025-10-03T23:13:09.227075
2025-10-04 00:00:00,Bitcoin,117998.7265625,,2025-10-03T23:13:09.285227
2025-10-05 00:00:00,Gold,3909.10009765625,,2025-10-04T23:13:47.741222
2025-10-05 00:00:00,Bitcoin,119144.1171875,,2025-10-04T23:13:47.801376
2025-10-06 00:00:00,Gold,3917.239990234375,,2025-10-05T23:12:44.375467
2025-10-06 00:00:00,Bitcoin,121103.7578125,,2025-10-05T23:12:44.432033
2025-10-07 00:00:00,Gold,3917.7900390625,,2025-10-06T23:13:35.043447
2025-10-07 00:00:00,Bitcoin,124227.6171875,,2025-10-06T23:13:35.101873
2025-10-08 00:00:00,Gold,3986.800048828125,,2025-10-07T23:13:43.075627
2025-10-08 00:00:00,Bitcoin,123275.1171875,,2025-10-07T23:13:43.134290
2025-10-09 00:00:00,Gold,4053.969970703125,,2025-10-08T23:13:47.271266
2025-10-09 00:00:00,Bitcoin,122562.3203125,,2025-10-08T23:13:47.331613
2025-10-10 00:00:00,Gold,4030.219970703125,,2025-10-09T23:13:51.663437
2025-10-10 00:00:00,Bitcoin,121776.40625,,2025-10-09T23:13:51.723761
2025-10-11 00:00:00,Gold,4004.159912109375,,2025-10-10T23:13:41.538116
2025-10-11 00:00:00,Bitcoin,119578.5703125,,2025-10-10T23:13:41.619519
2025-10-12 00:00:00,Gold,4006.3798828125,,2025-10-11T23:13:29.173544
2025-10-12 00:00:00,Bitcoin,112416.2734375,,2025-10-11T23:13:29.234220
2025-10-13 00:00:00,Gold,4019.530029296875,,2025-10-12T23:13:32.000374
2025-10-13 00:00:00,Bitcoin,111934.9765625,,2025-10-12T23:13:32.062889
2025-10-14 00:00:00,Gold,4030.169921875,,2025-10-13T23:13:29.437806
2025-10-14 00:00:00,Bitcoin,113155.40625,,2025-10-13T23:13:29.500358
2025-10-15 00:00:00,Gold,4050.739990234375,,2025-10-14T23:13:48.418780
2025-10-15 00:00:00,Bitcoin,112658.5625,,2025-10-14T23:13:48.478162
2025-10-16 00:00:00,Gold,4210.830078125,,2025-10-15T23:13:40.375193
2025-10-16 00:00:00,Bitcoin,110069.8515625,,2025-10-15T23:13:40.438558
2025-10-17 00:00:00,Gold,4274.93017578125,,2025-10-16T23:13:55.132766
2025-10-17 00:00:00,Bitcoin,111704.046875,,2025-10-16T23:13:55.194177
2025-10-18 00:00:00,Gold,4313.0498046875,,2025-10-17T23:13:51.784243
2025-10-18 00:00:00,Bitcoin,109913.8984375,,2025-10-17T23:13:51.845030
2025-10-19 00:00:00,Gold,4222.240234375,,2025-10-18T23:13:25.491255
2025-10-19 00:00:00,Bitcoin,108914.90625,,2025-10-18T23:13:25.552405
2025-10-20 00:00:00,Gold,4244.990234375,,2025-10-19T23:13:40.748726
2025-10-20 00:00:00,Bitcoin,110135.7734375,,2025-10-19T23:13:40.811507
2025-10-21 00:00:00,Gold,4294.009765625,,2025-10-20T23:13:57.096777
2025-10-21 00:00:00,Bitcoin,111643.7734375,,2025-10-20T23:13:57.157937
2025-10-22 00:00:00,Gold,4259.97021484375,,2025-10-21T23:14:54.262115
2025-10-22 00:00:00,Bitcoin,110216.953125,,2025-10-21T23:14:54.324079
2025-10-23 00:00:00,Gold,4206.31005859375,,2025-10-22T23:13:27.245256
2025-10-23 00:00:00,Bitcoin,108438.3671875,,2025-10-22T23:13:27.308453
2025-10-24 00:00:00,Gold,4167.41015625,,2025-10-23T23:13:53.446265
2025-10-24 00:00:00,Bitcoin,110805.90625,,2025-10-23T23:13:53.508159
2025-10-25 00:00:00,Gold,4121.14990234375,,2025-10-24T23:14:28.457739
2025-10-25 00:00:00,Bitcoin,110843.15625,,2025-10-24T23:14:28.520511
2025-10-26 00:00:00,Gold,4134.990234375,,2025-10-25T23:13:22.799095
2025-10-26 00:00:00,Bitcoin,111165.6875,,2025-10-25T23:13:22.863604
2025-10-27 00:00:00,Gold,4148.35986328125,,2025-10-26T23:14:03.807958
2025-10-27 00:00:00,Bitcoin,113178.25,,2025-10-26T23:14:03.863788
2025-10-28 00:00:00,Gold,4085.02001953125,,2025-10-27T23:13:50.915085
2025-10-28 00:00:00,Bitcoin,116404.109375,,2025-10-27T23:13:50.978494
2025-10-29 00:00:00,Gold,3977.97998046875,,2025-10-28T23:14:29.701244
2025-10-29 00:00:00,Bitcoin,115628.15625,,2025-10-28T23:14:29.763859
2025-10-30 00:00:00,Gold,4022.3798828125,,2025-10-29T23:14:43.203093
2025-10-30 00:00:00,Bitcoin,112524.546875,,2025-10-29T23:14:43.266938
2025-10-31 00:00:00,Gold,4080.3798828125,,2025-10-30T23:14:43.616632
2025-10-31 00:00:00,Bitcoin,108824.7578125,,2025-10-30T23:14:43.682336
2025-11-01 00:00:00,Gold,4083.179931640625,,2025-10-31T23:14:49.781158
2025-11-01 00:00:00,Bitcoin,108633.0625,,2025-10-31T23:14:49.844300
2025-11-02 00:00:00,Gold,4033.110107421875,,2025-11-01T23:13:50.330771
2025-11-02 00:00:00,Bitcoin,109811.296875,,2025-11-01T23:13:50.395157
2025-11-03 00:00:00,Gold,4047.22998046875,,2025-11-02T23:13:37.905909
2025-11-03 00:00:00,Bitcoin,110556.2734375,,2025-11-02T23:13:37.970741
2025-11-04 00:00:00,Gold,4056.5400390625,,2025-11-03T23:14:49.167346
2025-11-04 00:00:00,Bitcoin,107660.203125,,2025-11-03T23:14:49.232854
2025-11-05 00:00:00,Gold,3989.820068359375,,2025-11-04T23:14:37.040299
2025-11-05 00:00:00,Bitcoin,107680.296875,,2025-11-04T23:14:37.107283
2025-11-06 00:00:00,Gold,4001.739990234375,,2025-11-05T23:15:00.750122
2025-11-06 00:00:00,Bitcoin,107712.7421875,,2025-11-05T23:15:00.808912
2025-11-07 00:00:00,Gold,4022.179931640625,,2025-11-06T23:14:58.661035
2025-11-07 00:00:00,Bitcoin,107356.390625,,2025-11-06T23:14:58.733803
2025-11-08 00:00:00,Gold,4011.239990234375,,2025-11-07T23:14:50.989392
2025-11-08 00:00:00,Bitcoin,101985.7734375,,2025-11-07T23:14:51.064064
2025-11-09 00:00:00,Gold,4028.260009765625,,2025-11-08T23:13:27.856275
2025-11-09 00:00:00,Bitcoin,102230.09375,,2025-11-08T23:13:27.925534
2025-11-10 00:00:00,Gold,4036.469970703125,,2025-11-09T23:13:47.575701
2025-11-10 00:00:00,Bitcoin,102843.21875,,2025-11-09T23:13:47.651408
2025-11-11 00:00:00,Gold,4088.739990234375,,2025-11-10T23:15:44.045927
2025-11-11 00:00:00,Bitcoin,105928.25,,2025-11-10T23:15:44.114137
2025-11-12 00:00:00,Gold,4141.60009765625,,2025-11-11T23:14:45.562610
2025-11-12 00:00:00,Bitcoin,104388.3515625,,2025-11-11T23:14:45.624170
2025-11-13 00:00:00,Gold,4157.06005859375,,2025-11-12T23:15:45.415497
2025-11-13 00:00:00,Bitcoin,103111.40625,,2025-11-12T23:15:45.484191
2025-11-14 00:00:00,Gold,4279.72998046875,,2025-11-13T23:15:12.161823
2025-11-14 00:00:00,Bitcoin,101810.8828125,,2025-11-13T23:15:12.224284
2025-11-15 00:00:00,Gold,4078.669921875,,2025-11-14T23:14:59.651795
2025-11-15 00:00:00,Bitcoin,97530.28125,,2025-11-14T23:14:59.720557
2025-11-16 00:00:00,Gold,3979.2900390625,,2025-11-15T23:14:08.624508
2025-11-16 00:00:00,Bitcoin,98711.25,,2025-11-15T23:14:08.692597
2025-11-17 00:00:00,Gold,4109.1298828125,,2025-11-16T23:14:19.628117
2025-11-17 00:00:00,Bitcoin,96966.2421875,,2025-11-16T23:14:19.694350
2025-11-18 00:00:00,Gold,4009.0,,2025-11-17T23:15:03.234966
2025-11-18 00:00:00,Bitcoin,94387.4765625,,2025-11-17T23:15:03.306931
2025-11-19 00:00:00,Gold,4005.5,,2025-11-18T23:15:12.987514
2025-11-19 00:00:00,Bitcoin,91928.46875,,2025-11-18T23:15:13.054490
2025-11-20 00:00:00,Gold,4067.1201171875,,2025-11-19T23:15:24.207914
2025-11-20 00:00:00,Bitcoin,91043.2890625,,2025-11-19T23:15:24.275632
2025-11-21 00:00:00,Gold,4070.3701171875,,2025-11-20T23:15:17.376335
2025-11-21 00:00:00,Bitcoin,90376.453125,,2025-11-20T23:15:17.446209
2025-11-22 00:00:00,Gold,4062.330078125,,2025-11-21T23:14:31.146581
2025-11-22 00:00:00,Bitcoin,84580.4765625,,2025-11-21T23:14:31.213726
2025-11-23 00:00:00,Gold,4068.1201171875,,2025-11-22T23:14:55.668319
2025-11-23 00:00:00,Bitcoin,84449.78125,,2025-11-22T23:14:55.737473
2025-11-24 00:00:00,Gold,4070.050048828125,,2025-11-23T23:14:50.287615
2025-11-24 00:00:00,Bitcoin,86584.5625,,2025-11-23T23:14:50.357034
2025-11-25 00:00:00,Gold,4078.159912109375,,2025-11-24T23:15:33.239249
2025-11-25 00:00:00,Bitcoin,87198.40625,,2025-11-24T23:15:33.311688
2025-11-26 00:00:00,Gold,4215.39013671875,,2025-11-25T23:14:51.438355
2025-11-26 00:00:00,Bitcoin,87343.5234375,,2025-11-25T23:14:51.509442
2025-11-27 00:00:00,Gold,4175.330078125,,2025-11-26T23:14:47.016292
2025-11-27 00:00:00,Bitcoin,87991.7109375,,2025-11-26T23:14:47.088961
2025-11-28 00:00:00,Gold,4184.5498046875,,2025-11-27T23:14:36.302567
2025-11-28 00:00:00,Bitcoin,91019.453125,,2025-11-27T23:14:36.371351
2025-11-29 00:00:00,Gold,4153.39013671875,,2025-11-28T23:14:30.129772
2025-11-29 00:00:00,Bitcoin,91410.84375,,2025-11-28T23:14:30.207135
2025-11-30 00:00:00,Gold,4271.64013671875,,2025-11-29T23:14:48.574875
2025-11-30 00:00:00,Bitcoin,88588.359375,,2025-11-29T23:14:48.646178
2025-12-01 00:00:00,Gold,4239.009765625,,2025-11-30T23:15:02.818690
2025-12-01 00:00:00,Bitcoin,90854.34375,,2025-11-30T23:15:02.888141
2025-12-02 00:00:00,Gold,4265.56982421875,,2025-12-01T23:15:30.416814
2025-12-02 00:00:00,Bitcoin,85716.4296875,,2025-12-01T23:15:30.487621
2025-12-03 00:00:00,Gold,4264.18017578125,,2025-12-02T23:15:15.087654
2025-12-03 00:00:00,Bitcoin,86156.34375,,2025-12-02T23:15:15.194597
2025-12-04 00:00:00,Gold,4297.330078125,,2025-12-03T23:13:38.636468
2025-12-04 00:00:00,Bitcoin,87498.796875,,2025-12-03T23:13:38.709238
2025-12-05 00:00:00,Gold,4237.56982421875,,2025-12-04T23:15:44.635173
2025-12-05 00:00:00,Bitcoin,91192.40625,,2025-12-04T23:15:44.707295
2025-12-06 00:00:00,Gold,4277.22998046875,,2025-12-05T23:15:24.792019
2025-12-06 00:00:00,Bitcoin,91174.7265625,,2025-12-05T23:15:24.867732
2025-12-07 00:00:00,Gold,4240.52001953125,,2025-12-06T23:14:40.012457
2025-12-07 00:00:00,Bitcoin,85839.1015625,,2025-12-06T23:14:40.083332
2025-12-08 00:00:00,Gold,4258.97998046875,,2025-12-07T23:14:28.452661
2025-12-08 00:00:00,Bitcoin,86768.078125,,2025-12-07T23:14:28.522972
2025-12-09 00:00:00,Gold,4231.580078125,,2025-12-08T23:15:37.112775
2025-12-09 00:00:00,Bitcoin,90933.2109375,,2025-12-08T23:15:37.180699
2025-12-10 00:00:00,Gold,4227.89990234375,,2025-12-09T23:17:41.997133
2025-12-10 00:00:00,Bitcoin,88647.2265625,,2025-12-09T23:17:42.069894
2025-12-11 00:00:00,Gold,4233.2998046875,,2025-12-10T23:14:16.148429
2025-12-11 00:00:00,Bitcoin,91835.3984375,,2025-12-10T23:14:16.220389
2025-12-12 00:00:00,Gold,4232.3701171875,,2025-12-11T23:15:59.835963
2025-12-12 00:00:00,Bitcoin,88841.8984375,,2025-12-11T23:15:59.908595
2025-12-13 00:00:00,Gold,4286.35986328125,,2025-12-12T23:16:20.265234
2025-12-13 00:00:00,Bitcoin,86811.2421875,,2025-12-12T23:16:20.333580
2025-12-14 00:00:00,Gold,4277.72998046875,,2025-12-13T23:14:59.689263
2025-12-14 00:00:00,Bitcoin,91045.75,,2025-12-13T23:14:59.766538
2025-12-15 00:00:00,Gold,4322.68994140625,,2025-12-14T23:14:52.135592
2025-12-15 00:00:00,Bitcoin,88196.6875,,2025-12-14T23:14:52.208837
2025-12-16 00:00:00,Gold,4284.85009765625,,2025-12-15T23:16:21.778224
2025-12-16 00:00:00,Bitcoin,90713.21875,,2025-12-15T23:16:21.877672
2025-12-17 00:00:00,Gold,4124.56005859375,,2025-12-16T23:15:37.038434
2025-12-17 00:00:00,Bitcoin,87278.1484375,,2025-12-16T23:15:37.114848
2025-12-18 00:00:00,Gold,4355.6298828125,,2025-12-17T23:15:56.889380
2025-12-18 00:00:00,Bitcoin,87315.1875,,2025-12-17T23:15:56.962646
2025-12-19 00:00:00,Gold,4343.89013671875,,2025-12-18T23:16:22.722973
2025-12-19 00:00:00,Bitcoin,87384.1796875,,2025-12-18T23:16:22.799714
2025-12-20 00:00:00,Gold,4359.83984375,,2025-12-19T23:16:14.351660
2025-12-20 00:00:00,Bitcoin,87950.2265625,,2025-12-19T23:16:14.427096
2025-12-21 00:00:00,Gold,4362.080078125,,2025-12-20T23:14:59.161585
2025-12-21 00:00:00,Bitcoin,89913.296875,,2025-12-20T23:14:59.235054
2025-12-22 00:00:00,Gold,4378.669921875,,2025-12-21T23:15:19.029400
2025-12-22 00:00:00,Bitcoin,88302.4921875,,2025-12-21T23:15:19.103947
2025-12-23 00:00:00,Gold,4446.41015625,,2025-12-22T23:16:01.347891
2025-12-23 00:00:00,Bitcoin,89905.0390625,,2025-12-22T23:16:01.421355
2025-12-24 00:00:00,Gold,4451.080078125,,2025-12-23T23:15:56.552098
2025-12-24 00:00:00,Bitcoin,87660.4296875,,2025-12-23T23:15:56.626409
2025-12-25 00:00:00,Gold,4510.64990234375,,2025-12-24T23:15:55.992901
2025-12-25 00:00:00,Bitcoin,87158.9765625,,2025-12-24T23:15:56.076912
2025-12-26 00:00:00,Gold,4505.759765625,,2025-12-25T23:15:58.685372
2025-12-26 00:00:00,Bitcoin,88187.1015625,,2025-12-25T23:15:58.763337
2025-12-27 00:00:00,Gold,4534.68994140625,,2025-12-26T23:16:06.728182
2025-12-27 00:00:00,Bitcoin,88450.453125,,2025-12-26T23:16:06.809818
2025-12-28 00:00:00,Gold,4548.7099609375,,2025-12-27T23:15:28.200434
2025-12-28 00:00:00,Bitcoin,87669.78125,,2025-12-27T23:15:28.278157
2025-12-29 00:00:00,Gold,4550.56982421875,,2025-12-28T23:15:25.923163
2025-12-29 00:00:00,Bitcoin,87613.3203125,,2025-12-28T23:15:25.999226
2025-12-30 00:00:00,Gold,4550.580078125,,2025-12-29T23:16:08.385161
2025-12-30 00:00:00,Bitcoin,88360.5,,2025-12-29T23:16:08.461851
2025-12-31 00:00:00,Gold,4386.64990234375,,2025-12-30T23:15:39.124815
2025-12-31 00:00:00,Bitcoin,87771.34375,,2025-12-30T23:15:39.202382
2026-01-01 00:00:00,Gold,4369.02978515625,,2025-12-31T23:16:20.351606
2026-01-01 00:00:00,Bitcoin,88014.046875,,2025-12-31T23:16:20.428558
2026-01-02 00:00:00,Gold,4357.93017578125,,2026-01-01T23:16:37.077299
2026-01-02 00:00:00,Bitcoin,87825.0390625,,2026-01-01T23:16:37.152748
2026-01-03 00:00:00,Gold,4369.7001953125,,2026-01-02T23:15:43.942249
2026-01-03 00:00:00,Bitcoin,88745.046875,,2026-01-02T23:15:44.017426
2026-01-04 00:00:00,Gold,4358.27001953125,,2026-01-03T23:15:47.239121
2026-01-04 00:00:00,Bitcoin,89560.3984375,,2026-01-03T23:15:47.342259
2026-01-05 00:00:00,Gold,4368.72021484375,,2026-01-04T23:15:52.114398
2026-01-05 00:00:00,Bitcoin,91157.40625,,2026-01-04T23:15:52.192876
2026-01-06 00:00:00,Gold,4403.22021484375,,2026-01-05T23:16:16.109295
2026-01-06 00:00:00,Bitcoin,91940.796875,,2026-01-05T23:16:16.185164
2026-01-07 00:00:00,Gold,4473.52001953125,,2026-01-06T23:16:43.422968
2026-01-07 00:00:00,Bitcoin,92925.109375,,2026-01-06T23:16:43.503374
2026-01-08 00:00:00,Gold,4521.81982421875,,2026-01-07T23:16:44.912076
2026-01-08 00:00:00,Bitcoin,90877.59375,,2026-01-07T23:16:44.989642
2026-01-09 00:00:00,Gold,4473.080078125,,2026-01-08T23:14:58.871617
2026-01-09 00:00:00,Bitcoin,89762.3671875,,2026-01-08T23:14:58.948006
2026-01-10 00:00:00,Gold,4487.60009765625,,2026-01-09T23:16:00.247390
2026-01-10 00:00:00,Bitcoin,87173.65625,,2026-01-09T23:16:00.325879
2026-01-11 00:00:00,Gold,4512.33984375,,2026-01-10T23:15:12.247850
2026-01-11 00:00:00,Bitcoin,89111.4375,,2026-01-10T23:15:12.335658
2026-01-12 00:00:00,Gold,4514.06005859375,,2026-01-11T23:15:28.218541
2026-01-12 00:00:00,Bitcoin,90780.34375,,2026-01-11T23:15:28.295154
2026-01-13 00:00:00,Gold,4552.0,,2026-01-12T23:13:46.458111
2026-01-13 00:00:00,Bitcoin,91723.8984375,,2026-01-12T23:13:46.560864
2026-01-14 00:00:00,Gold,4551.740234375,,2026-01-13T23:16:29.769843
2026-01-14 00:00:00,Bitcoin,91625.2265625,,2026-01-13T23:16:29.844400
2026-01-15 00:00:00,Gold,4549.18994140625,,2026-01-14T23:14:57.013376
2026-01-15 00:00:00,Bitcoin,92739.6328125,,2026-01-14T23:14:57.091404
2026-01-16 00:00:00,Gold,4572.52978515625,,2026-01-15T23:16:52.260395
2026-01-16 00:00:00,Bitcoin,95817.546875,,2026-01-15T23:16:52.359618
2026-01-17 00:00:00,Gold,4440.330078125,,2026-01-16T23:16:10.548042
2026-01-17 00:00:00,Bitcoin,93969.4765625,,2026-01-16T23:16:10.630290
2026-01-18 00:00:00,Gold,4509.77001953125,,2026-01-17T23:15:25.719488
2026-01-18 00:00:00,Bitcoin,94076.7734375,,2026-01-17T23:15:25.811774
2026-01-19 00:00:00,Gold,4500.1201171875,,2026-01-18T23:16:03.542575
2026-01-19 00:00:00,Bitcoin,91950.4765625,,2026-01-18T23:16:03.620198
2026-01-20 00:00:00,Gold,4581.10009765625,,2026-01-19T23:16:38.253380
2026-01-20 00:00:00,Bitcoin,91960.09375,,2026-01-19T23:16:38.335058
2026-01-21 00:00:00,Gold,4643.419921875,,2026-01-20T23:17:38.378228
2026-01-21 00:00:00,Bitcoin,88378.828125,,2026-01-20T23:17:38.458063
2026-01-22 00:00:00,Gold,4757.009765625,,2026-01-21T23:20:52.275244
2026-01-22 00:00:00,Bitcoin,87081.28125,,2026-01-21T23:20:52.354402
2026-01-23 00:00:00,Gold,4828.27001953125,,2026-01-22T23:17:05.687869
2026-01-23 00:00:00,Bitcoin,88336.9765625,,2026-01-22T23:17:05.767409
2026-01-24 00:00:00,Gold,4886.7001953125,,2026-01-23T23:17:17.116147
2026-01-24 00:00:00,Bitcoin,89897.828125,,2026-01-23T23:17:17.199746
2026-01-25 00:00:00,Gold,4977.240234375,,2026-01-24T23:15:58.686537
2026-01-25 00:00:00,Bitcoin,89526.34375,,2026-01-24T23:15:58.770398
2026-01-26 00:00:00,Gold,4981.7001953125,,2026-01-25T23:16:20.724739
2026-01-26 00:00:00,Bitcoin,87630.6484375,,2026-01-25T23:16:20.805169
2026-01-27 00:00:00,Gold,5059.89990234375,,2026-01-26T23:17:50.296718
2026-01-27 00:00:00,Bitcoin,87995.328125,,2026-01-26T23:17:50.377298
2026-01-28 00:00:00,Gold,5082.97998046875,,2026-01-27T23:17:51.648631
2026-01-28 00:00:00,Bitcoin,88986.4765625,,2026-01-27T23:17:51.732528
2026-01-29 00:00:00,Gold,5300.7001953125,,2026-01-28T23:21:55.088662
2026-01-29 00:00:00,Bitcoin,88827.5703125,,2026-01-28T23:21:55.168243
2026-01-30 00:00:00,Gold,5468.52001953125,,2026-01-29T23:22:19.967620
2026-01-30 00:00:00,Bitcoin,86888.046875,,2026-01-29T23:22:20.090262
2026-01-31 00:00:00,Gold,5117.2001953125,,2026-01-30T23:21:05.417264
2026-01-31 00:00:00,Bitcoin,85043.0,,2026-01-30T23:21:05.495434
2026-02-01 00:00:00,Gold,4928.740234375,,2026-01-31T23:17:57.377683
2026-02-01 00:00:00,Bitcoin,84309.8671875,,2026-01-31T23:17:57.453215
2026-02-02 00:00:00,Gold,4915.06005859375,,2026-02-01T23:20:22.143554
2026-02-02 00:00:00,Bitcoin,80849.7421875,,2026-02-01T23:20:22.224888
2026-02-03 00:00:00,Gold,4713.56005859375,,2026-02-02T23:23:18.190677
2026-02-03 00:00:00,Bitcoin,78904.9765625,,2026-02-02T23:23:18.271178
2026-02-04 00:00:00,Gold,4930.919921875,,2026-02-03T23:24:17.587501
2026-02-04 00:00:00,Bitcoin,77821.0234375,,2026-02-03T23:24:17.671240
2026-02-05 00:00:00,Bitcoin,77821.0234375,,2026-02-03T23:24:17.671240
2026-02-06 00:00:00,Bitcoin,77821.0234375,,2026-02-03T23:24:17.671240
2026-02-07 00:00:00,Bitcoin,77821.0234375,,2026-02-03T23:24:17.671240
2026-02-08 00:00:00,Bitcoin,77821.0234375,,2026-02-03T23:24:17.671240
2026-02-05 00:00:00,Gold,5085.6201171875,,2026-02-04T01:27:50.197210
2026-02-06 00:00:00,Gold,5090.990234375,,2026-02-04T01:27:50.197210
2026-02-07 00:00:00,Gold,5039.0400390625,,2026-02-04T01:27:50.197210
2026-02-08 00:00:00,Gold,5063.1201171875,,2026-02-04T01:27:50.197210
2026-02-09 00:00:00,Gold,5020.02001953125,,2026-02-04T01:27:50.197210
2026-02-05 00:00:00,Bitcoin,76834.640625,,2026-02-04T01:27:50.277762
2026-02-06 00:00:00,Bitcoin,76834.640625,,2026-02-04T01:27:50.277762
2026-02-07 00:00:00,Bitcoin,76834.640625,,2026-02-04T01:27:50.277762
2026-02-08 00:00:00,Bitcoin,76834.640625,,2026-02-04T01:27:50.277762
2026-02-09 00:00:00,Bitcoin,76834.640625,,2026-02-04T01:27:50.277762
